gameDate,gameId,teamFullName_home,teamFullName_away,home_score,away_score,home_win_probability,predicted_home_win,home_win,correct,games_played_prior_home,games_played_prior_away,rolling_win_pct_5_diff,rolling_goal_diff_5_diff,special_teams_matchup
2023-10-10,2023020002,Pittsburgh Penguins,Chicago Blackhawks,2,4,0.8163420502954394,1,0,False,0,0,0.0,0.0,0.0
2023-10-10,2023020001,Tampa Bay Lightning,Nashville Predators,5,3,0.6462449920510415,1,1,True,0,0,0.0,0.0,0.0
2023-10-10,2023020003,Vegas Golden Knights,Seattle Kraken,4,1,0.6476441906277326,1,1,True,0,0,0.0,0.0,0.0
2023-10-11,2023020004,Carolina Hurricanes,Ottawa Senators,5,3,0.8423222151125721,1,1,True,0,0,0.0,0.0,0.0
2023-10-11,2023020006,Boston Bruins,Chicago Blackhawks,3,1,0.945651373107537,1,1,True,0,1,-1.0,-2.0,-0.01
2023-10-11,2023020007,Calgary Flames,Winnipeg Jets,5,3,0.744834745829857,1,1,True,0,0,0.0,0.0,0.0
2023-10-11,2023020009,Vancouver Canucks,Edmonton Oilers,8,1,0.42783419773634346,0,1,False,0,0,0.0,0.0,0.0
2023-10-11,2023020008,Los Angeles Kings,Colorado Avalanche,2,5,0.4326884834892652,0,0,True,0,0,0.0,0.0,0.0
2023-10-11,2023020005,Toronto Maple Leafs,Montréal Canadiens,5,5,0.8867627977211949,1,0,False,0,0,0.0,0.0,0.0
2023-10-12,2023020016,San Jose Sharks,Vegas Golden Knights,1,4,0.48333383900381705,0,0,True,0,1,-1.0,-3.0,-0.01
2023-10-12,2023020015,Nashville Predators,Seattle Kraken,3,0,0.5378577944369636,1,1,True,1,1,0.0,1.0,-0.0075
2023-10-12,2023020014,Minnesota Wild,Florida Panthers,2,0,0.5984154314356084,1,1,True,0,0,0.0,0.0,0.0
2023-10-12,2023020010,Buffalo Sabres,New York Rangers,1,5,0.548230286942735,1,0,False,0,0,0.0,0.0,0.0
2023-10-12,2023020012,New Jersey Devils,Detroit Red Wings,4,3,0.6456011275023259,1,1,True,0,0,0.0,0.0,0.0
2023-10-12,2023020013,Dallas Stars,St. Louis Blues,1,1,0.5457584026296748,1,0,False,0,0,0.0,0.0,0.0
2023-10-12,2023020011,Columbus Blue Jackets,Philadelphia Flyers,2,4,0.7259314728291842,1,0,False,0,0,0.0,0.0,0.0
2023-10-13,2023020018,Washington Capitals,Pittsburgh Penguins,0,4,0.8203291750087213,1,0,False,0,1,0.0,2.0,-0.01
2023-10-14,2023020020,Winnipeg Jets,Florida Panthers,6,4,0.3617363370345751,0,1,False,1,1,0.0,0.0,-0.0075
2023-10-14,2023020025,Pittsburgh Penguins,Calgary Flames,5,2,0.5419610322783267,1,1,True,2,1,-0.5,-1.0,-0.00666667
2023-10-14,2023020030,San Jose Sharks,Colorado Avalanche,1,1,0.1352558560438679,0,0,True,1,1,-1.0,-6.0,-0.01
2023-10-14,2023020023,Detroit Red Wings,Tampa Bay Lightning,6,4,0.4271283076787696,0,1,False,1,1,-1.0,-3.0,-0.0024999999999999996
2023-10-14,2023020027,New York Islanders,Buffalo Sabres,3,2,0.8789119583172028,1,1,True,0,1,0.0,4.0,-0.0075
2023-10-14,2023020026,Toronto Maple Leafs,Minnesota Wild,7,4,0.9094080175428241,1,1,True,1,1,-1.0,-2.0,-0.005
2023-10-14,2023020028,St. Louis Blues,Seattle Kraken,1,1,0.6810996153258915,1,0,False,1,2,0.0,3.0,-0.01
2023-10-14,2023020021,Boston Bruins,Nashville Predators,3,2,0.7306069974216103,1,1,True,1,2,0.5,1.5,-0.008
2023-10-14,2023020019,Ottawa Senators,Philadelphia Flyers,5,2,0.4275323355279125,0,1,False,1,1,-1.0,-4.0,-0.01
2023-10-14,2023020031,Vegas Golden Knights,Anaheim Ducks,4,1,0.503162342401918,1,1,True,2,0,1.0,3.0,0.0
2023-10-14,2023020029,Edmonton Oilers,Vancouver Canucks,3,4,0.25669686301783845,0,0,True,1,1,-1.0,-14.0,-0.004999999999999999
2023-10-14,2023020022,Columbus Blue Jackets,New York Rangers,5,3,0.10999344606679713,0,1,False,1,1,-1.0,-6.0,-0.01
2023-10-14,2023020024,Montréal Canadiens,Chicago Blackhawks,3,2,0.6751204683471553,1,1,True,1,2,-0.5,0.0,-0.0075
2023-10-14,2023020032,Los Angeles Kings,Carolina Hurricanes,5,5,0.20063613099946465,0,0,True,1,1,-1.0,-5.0,-0.01
2023-10-15,2023020034,Anaheim Ducks,Carolina Hurricanes,6,3,0.2377565751352638,0,1,False,1,2,-0.5,-4.0,-0.00857143
2023-10-15,2023020033,Ottawa Senators,Tampa Bay Lightning,5,2,0.7121430199595575,1,1,True,2,2,0.0,0.5,-0.005750000000000001
2023-10-16,2023020039,Washington Capitals,Calgary Flames,2,2,0.5509502844856764,1,0,False,1,2,-0.5,-3.5,-0.01
2023-10-16,2023020038,Toronto Maple Leafs,Chicago Blackhawks,1,4,0.9383384293570582,1,0,False,2,3,0.16666666666666669,1.8333333333333333,-0.00416667
2023-10-16,2023020036,New Jersey Devils,Florida Panthers,3,4,0.3575901528876149,0,0,True,2,2,0.5,2.5,-0.004250004999999999
2023-10-16,2023020035,Columbus Blue Jackets,Detroit Red Wings,0,4,0.3204989221476068,0,0,True,2,2,0.0,-0.5,-0.0016666700000000003
2023-10-17,2023020045,Winnipeg Jets,Los Angeles Kings,1,5,0.4850904623909963,0,0,True,2,2,0.5,1.5,-0.0066666699999999995
2023-10-17,2023020048,Vegas Golden Knights,Dallas Stars,2,2,0.28098002319047044,0,0,True,3,1,1.0,3.0,-0.00888889
2023-10-17,2023020041,Montréal Canadiens,Minnesota Wild,2,5,0.6210562982303001,1,0,False,2,2,0.0,1.0,-0.00541667
2023-10-17,2023020044,Nashville Predators,Edmonton Oilers,1,6,0.30147008838757006,0,0,True,3,2,0.3333333333333333,4.0,-0.005000001666666666
2023-10-17,2023020047,San Jose Sharks,Carolina Hurricanes,3,6,0.24378183814345872,0,0,True,2,3,-0.3333333333333333,-1.1666666666666667,-0.00904762
2023-10-17,2023020046,Seattle Kraken,Colorado Avalanche,1,4,0.15937248080606153,0,0,True,3,2,-0.5,-3.5,-0.006666666666666667
2023-10-17,2023020040,Buffalo Sabres,Tampa Bay Lightning,3,2,0.47593506838328703,0,1,False,2,3,-0.3333333333333333,-1.5,-0.009166666666666667
2023-10-17,2023020042,Philadelphia Flyers,Vancouver Canucks,2,0,0.15712624111443405,0,1,False,2,2,-0.5,-4.5,-0.0064881
2023-10-18,2023020049,Ottawa Senators,Washington Capitals,6,1,0.5202614453436534,1,1,True,3,2,0.6666666666666666,3.333333333333333,-0.0036666700000000003
2023-10-18,2023020050,Detroit Red Wings,Pittsburgh Penguins,6,3,0.5487160517777715,1,1,True,3,3,0.0,0.0,-0.00588889
2023-10-26,2023020103,Montréal Canadiens,Columbus Blue Jackets,4,3,0.7052687513330003,1,1,True,3,3,0.0,0.6666666666666666,-0.0067222233333333326
2023-10-26,2023020105,Pittsburgh Penguins,Colorado Avalanche,4,0,0.5111934456033663,1,1,True,4,3,-0.16666666666666663,-1.5,-0.008333335
2023-10-26,2023020107,New York Islanders,Ottawa Senators,3,2,0.7576073232052837,1,1,True,2,4,0.25,-1.25,-0.0075000050000000006
2023-10-26,2023020100,Boston Bruins,Anaheim Ducks,3,4,0.7023283223661034,1,0,False,2,2,0.5,1.5,-0.00466667
2023-10-26,2023020101,Carolina Hurricanes,Seattle Kraken,3,2,0.7915594406682361,1,1,True,4,4,0.5,2.75,-0.007678575
2023-10-26,2023020106,Tampa Bay Lightning,San Jose Sharks,6,0,0.8013058019306499,1,1,True,4,3,0.25,1.0,-0.006321430000000001
2023-10-26,2023020102,Detroit Red Wings,Winnipeg Jets,1,4,0.6308858345423393,1,0,False,4,3,0.4166666666666667,3.333333333333333,-0.003829368333333333
2023-10-26,2023020109,Calgary Flames,St. Louis Blues,0,3,0.4112171956694527,0,0,True,3,2,0.3333333333333333,-0.3333333333333333,-0.002111113333333334
2023-10-26,2023020104,Philadelphia Flyers,Minnesota Wild,6,2,0.3929662966466259,0,1,False,3,3,0.0,-0.3333333333333333,-0.007222226666666666
2023-10-27,2023020113,New Jersey Devils,Buffalo Sabres,5,4,0.42966460708276066,0,1,False,3,3,0.0,1.3333333333333333,-0.005944446666666667
2023-10-27,2023020114,Washington Capitals,Minnesota Wild,2,2,0.5905171138028336,1,0,False,3,4,-0.5,-2.5,-0.00666667
2023-10-27,2023020112,Carolina Hurricanes,San Jose Sharks,3,0,0.8456327465121739,1,1,True,5,4,0.6,3.6,-0.0064464325
2023-10-27,2023020111,Vegas Golden Knights,Chicago Blackhawks,3,4,0.7798005763963225,1,0,False,4,4,0.25,1.75,-0.0091666675
2023-10-27,2023020116,Vancouver Canucks,St. Louis Blues,5,0,0.25593163472096864,0,1,False,3,3,0.3333333333333333,1.0,-0.00388889
2023-10-28,2023020124,Vancouver Canucks,New York Rangers,3,4,0.29827013310207084,0,0,True,4,3,0.08333333333333337,1.75,-0.0039166675
2023-10-28,2023020123,Pittsburgh Penguins,Ottawa Senators,2,5,0.7157818233878885,1,0,False,5,5,0.0,-0.40000000000000013,-0.007500003999999999
2023-10-28,2023020117,Philadelphia Flyers,Anaheim Ducks,4,7,0.3755833972594739,0,0,True,4,3,0.08333333333333337,0.9166666666666667,-0.00458334
2023-10-28,2023020121,Montréal Canadiens,Winnipeg Jets,3,3,0.526388193807647,1,0,False,4,4,0.0,0.0,-0.006684525
2023-10-28,2023020120,Columbus Blue Jackets,New York Islanders,0,2,0.392928574669526,0,0,True,4,3,-0.75,-2.25,-0.0058333333333333345
2023-10-28,2023020125,Los Angeles Kings,Vegas Golden Knights,3,3,0.4281981915067516,0,0,True,4,5,-0.09999999999999998,-1.1,-0.006285715
2023-10-28,2023020118,Florida Panthers,Seattle Kraken,3,2,0.6777794710826653,1,1,True,3,5,0.3333333333333333,1.0,-0.008690476666666667
2023-10-28,2023020122,Nashville Predators,Toronto Maple Leafs,3,2,0.46489105851466456,0,1,False,4,3,-0.08333333333333331,-1.25,-0.006875000833333333
2023-10-28,2023020119,Boston Bruins,Detroit Red Wings,4,1,0.6680132874695155,1,1,True,3,5,0.06666666666666665,-0.33333333333333337,-0.006222224666666666
2023-10-29,2023020128,Washington Capitals,San Jose Sharks,3,1,0.5878517353267281,1,1,True,4,5,0.0,0.75,-0.007309525500000001
2023-10-29,2023020129,Edmonton Oilers,Calgary Flames,5,2,0.6515310366469654,1,1,True,4,4,0.0,-0.5,-0.00699405
2023-10-29,2023020127,New Jersey Devils,Minnesota Wild,4,3,0.5094177363788975,1,1,True,4,5,0.09999999999999998,0.65,-0.003625005
2023-10-29,2023020126,Buffalo Sabres,Colorado Avalanche,4,0,0.29354182319065125,0,1,False,4,4,-0.25,-1.75,-0.01
2023-10-30,2023020135,Winnipeg Jets,New York Rangers,2,3,0.40240123116705834,0,0,True,5,4,-0.35,-1.2,-0.005916669
2023-10-30,2023020131,Philadelphia Flyers,Carolina Hurricanes,2,3,0.17678498798432088,0,0,True,5,6,0.0,-0.4,-0.006595241999999999
2023-10-30,2023020136,Dallas Stars,Columbus Blue Jackets,5,3,0.7767252992574936,1,1,True,3,5,-0.2,0.3999999999999999,-0.0077333340000000006
2023-10-30,2023020133,Tampa Bay Lightning,Seattle Kraken,3,4,0.7402909402822502,1,0,False,5,6,0.4,2.0,-0.0057
2023-10-30,2023020134,New York Islanders,Detroit Red Wings,3,4,0.6325813819566148,1,0,False,4,6,0.4,0.65,-0.0070416675
2023-10-30,2023020130,Boston Bruins,Florida Panthers,3,2,0.5733128881902013,1,1,True,4,4,0.25,1.75,-0.005083335
2023-10-30,2023020132,Pittsburgh Penguins,Anaheim Ducks,3,4,0.702930286101813,1,0,False,6,4,-0.15000000000000002,0.0,-0.005541670500000001
2023-10-30,2023020138,Vegas Golden Knights,Montréal Canadiens,2,2,0.705280557368915,1,0,False,6,5,0.0,1.2,-0.005916668
2023-10-31,2023020139,Toronto Maple Leafs,Los Angeles Kings,1,4,0.7013734608249436,1,0,False,4,5,-0.15000000000000002,-0.65,-0.0051250029999999995
2023-10-31,2023020140,Vancouver Canucks,Nashville Predators,5,2,0.39518856766036076,0,1,False,5,5,0.19999999999999996,2.8,-0.00456667
2023-11-01,2023020141,Philadelphia Flyers,Buffalo Sabres,2,5,0.289567310771274,0,0,True,6,5,0.0,0.0,-0.006833336000000001
2023-11-01,2023020143,Colorado Avalanche,St. Louis Blues,4,1,0.466887232852558,0,1,False,5,4,0.15000000000000002,0.09999999999999998,-0.006833334
2023-11-01,2023020142,Calgary Flames,Dallas Stars,3,4,0.475702431150405,0,0,True,5,4,-0.04999999999999999,-1.15,-0.006975001999999999
2023-11-02,2023020150,Washington Capitals,New York Islanders,0,3,0.45426866723801623,0,0,True,5,5,-0.6000000000000001,-2.2,-0.009083334
2023-11-02,2023020151,Minnesota Wild,New Jersey Devils,3,5,0.5607829980227635,1,0,False,6,5,-0.39999999999999997,-1.4,-0.006511908
2023-11-02,2023020147,Detroit Red Wings,Florida Panthers,0,2,0.31086558806655623,0,0,True,7,5,0.19999999999999996,1.0,-0.005900002
2023-11-09,2023020196,New York Rangers,Minnesota Wild,4,1,0.794356398905508,1,1,True,5,7,0.6000000000000001,1.8,-0.001966672
2023-11-10,2023020209,Vegas Golden Knights,San Jose Sharks,5,0,0.7002438888961111,1,1,True,7,6,0.2,3.1999999999999997,-0.006142860000000001
2023-11-10,2023020204,Buffalo Sabres,Minnesota Wild,3,2,0.4993672909537557,0,1,False,6,8,0.6,3.2,-0.00346667
2023-11-10,2023020208,Anaheim Ducks,Philadelphia Flyers,3,6,0.4247228441482587,0,0,True,6,7,0.6,2.0,-0.002333334
2023-11-10,2023020205,Florida Panthers,Carolina Hurricanes,5,2,0.5887586172461822,1,1,True,6,7,-0.20000000000000007,-0.8,-0.0065476200000000005
2023-11-10,2023020207,Toronto Maple Leafs,Calgary Flames,4,4,0.85775272811568,1,0,False,6,6,0.2,1.2,-0.007666668
2023-11-10,2023020206,New Jersey Devils,Washington Capitals,2,4,0.5039081452083459,1,0,False,6,6,0.39999999999999997,1.7999999999999998,-0.004366668000000001
2023-11-11,2023020216,New York Islanders,Washington Capitals,1,4,0.5444599634241959,1,0,False,6,7,0.4,2.0,-0.0073333339999999995
2023-11-11,2023020220,Seattle Kraken,Edmonton Oilers,1,4,0.2457265377918622,0,0,True,7,6,-0.2,-1.4,-0.003000004
2023-11-11,2023020212,Montréal Canadiens,Boston Bruins,3,2,0.1855770921856369,0,1,False,6,5,-0.4,-1.4,-0.0082
2023-11-11,2023020210,Detroit Red Wings,Columbus Blue Jackets,5,4,0.6646116493823223,1,1,True,9,6,0.0,-0.20000000000000018,-0.0077333340000000006
2023-11-11,2023020217,Pittsburgh Penguins,Buffalo Sabres,4,0,0.7765284586907236,1,1,True,8,7,-0.4,-2.0,-0.008128571999999999
2023-11-11,2023020213,Ottawa Senators,Calgary Flames,4,1,0.6700190308130232,1,1,True,7,7,0.6,3.2,-0.006016668
2023-11-11,2023020221,Los Angeles Kings,Philadelphia Flyers,2,4,0.7033235739866293,1,0,False,6,8,0.19999999999999996,1.6,-0.0034619059999999994
2023-11-11,2023020214,Tampa Bay Lightning,Carolina Hurricanes,0,4,0.6224457661329059,1,0,False,7,8,-0.6000000000000001,-1.2,-0.007833334
2023-11-11,2023020219,Colorado Avalanche,St. Louis Blues,2,8,0.5624190463137464,1,0,False,6,5,0.2,0.6,-0.006666668000000001
2023-11-11,2023020211,Winnipeg Jets,Dallas Stars,2,3,0.6308992615512621,1,0,False,8,5,0.0,0.4,-0.008199999999999999
2023-11-11,2023020215,Toronto Maple Leafs,Vancouver Canucks,5,2,0.7007034830415435,1,1,True,7,7,-0.6,-3.0,-0.006000000000000001
2023-11-12,2023020225,New York Rangers,Columbus Blue Jackets,3,3,0.8858743555335096,1,0,False,6,7,0.8,2.8,-0.003400002000000001
2023-11-12,2023020224,Montréal Canadiens,Vancouver Canucks,2,5,0.3567177779424913,0,0,True,7,8,-0.19999999999999996,-1.5999999999999999,-0.006700000000000001
2023-11-12,2023020222,Florida Panthers,Chicago Blackhawks,4,3,0.8250138020090017,1,1,True,7,6,0.4,2.4,-0.006999999999999999
2023-11-12,2023020226,Anaheim Ducks,San Jose Sharks,4,1,0.5450769792014877,1,1,True,7,7,0.8,4.3999999999999995,-0.0033452405
2023-11-12,2023020223,Minnesota Wild,Dallas Stars,3,8,0.7197206521470478,1,0,False,9,6,-0.6,-1.5999999999999999,-0.006966667999999999
2023-11-13,2023020228,Seattle Kraken,Colorado Avalanche,1,5,0.31401650010258997,0,0,True,8,7,-0.2,0.20000000000000018,-0.007000002000000001
2023-11-13,2023020227,Edmonton Oilers,New York Islanders,4,1,0.6865180958780591,1,1,True,7,7,0.0,0.9999999999999999,-0.007750002
2023-11-14,2023020236,Winnipeg Jets,New Jersey Devils,6,3,0.46163690050516315,0,1,False,9,7,-0.39999999999999997,-0.6000000000000001,-0.007266667999999999
2023-11-14,2023020237,San Jose Sharks,Florida Panthers,3,5,0.21508541817416596,0,0,True,8,8,-0.8,-5.0,-0.01
2023-11-14,2023020229,Buffalo Sabres,Boston Bruins,2,5,0.13127788237167085,0,0,True,8,6,0.0,0.0,-0.0095
2023-11-14,2023020231,Montréal Canadiens,Calgary Flames,1,2,0.49796177014561616,0,0,True,8,8,0.4,1.8,-0.0043
2023-11-14,2023020234,Nashville Predators,Anaheim Ducks,2,3,0.6059255965290244,1,0,False,8,8,-0.6000000000000001,-3.2,-0.006161906
2023-11-14,2023020235,St. Louis Blues,Tampa Bay Lightning,5,0,0.5816313285563541,1,1,True,6,8,0.2,0.6000000000000001,-0.007000002000000001
2023-11-14,2023020230,Columbus Blue Jackets,Pittsburgh Penguins,3,5,0.32800064766923187,0,0,True,8,9,-0.6,-2.2,-0.007666667999999999
2023-11-14,2023020232,Washington Capitals,Vegas Golden Knights,3,0,0.3503414821122766,0,1,False,8,8,0.39999999999999997,0.0,-0.007333334
2023-11-15,2023020239,Edmonton Oilers,Seattle Kraken,4,3,0.6892184411302562,1,1,True,8,9,0.39999999999999997,2.6,-0.0036666699999999986
2023-11-15,2023020241,Vancouver Canucks,New York Islanders,4,3,0.5279187604226381,1,1,True,9,8,0.19999999999999996,1.4,-0.006333337999999999
2023-11-15,2023020240,Colorado Avalanche,Anaheim Ducks,8,2,0.7886594132475153,1,1,True,8,9,-0.4,-2.0,-0.007695240000000001
2023-11-15,2023020238,Carolina Hurricanes,Philadelphia Flyers,1,3,0.8491248528364217,1,0,False,9,9,0.4,1.6,-0.002166667999999999
2023-11-16,2023020246,Chicago Blackhawks,Tampa Bay Lightning,2,4,0.40429127369773876,0,0,True,7,9,0.2,0.19999999999999996,-0.0050000025
2023-11-16,2023020244,Montréal Canadiens,Vegas Golden Knights,5,6,0.3171108513446448,0,0,True,9,9,0.0,-0.8,-0.0055
2023-11-16,2023020248,Seattle Kraken,New York Islanders,3,3,0.49333972504873164,0,0,True,10,9,0.0,-0.6000000000000001,-0.0056666699999999995
2023-11-16,2023020247,Calgary Flames,Vancouver Canucks,5,2,0.5446335161072798,1,1,True,9,10,-0.6000000000000001,-2.5999999999999996,-0.005933333999999999
2023-11-16,2023020250,San Jose Sharks,St. Louis Blues,5,1,0.21577847975551398,0,1,False,9,7,-0.6,-4.2,-0.0085000015
2023-11-16,2023020249,Los Angeles Kings,Florida Panthers,2,1,0.42786282970590006,0,1,False,7,9,-0.20000000000000007,-0.19999999999999996,-0.008033334
2023-11-16,2023020242,Ottawa Senators,Detroit Red Wings,5,4,0.573994558350087,1,1,True,8,10,0.19999999999999996,2.6,-0.005316667999999999
2023-11-16,2023020245,Pittsburgh Penguins,New Jersey Devils,2,5,0.5474340516003611,1,0,False,10,8,0.0,0.8,-0.006428573999999999
2023-11-24,2023020298,Washington Capitals,Edmonton Oilers,0,5,0.2859846957611148,0,0,True,9,9,0.0,-0.40000000000000013,-0.007666668
2023-11-24,2023020305,Dallas Stars,Calgary Flames,4,7,0.7052531142288273,1,0,False,8,10,0.6,2.0,-0.004683334
2023-11-25,2023020313,Colorado Avalanche,Calgary Flames,3,1,0.8298123950613415,1,1,True,9,11,0.0,-0.20000000000000007,-0.0044333359999999995
2023-11-25,2023020314,San Jose Sharks,Vancouver Canucks,4,3,0.278216669801085,0,1,False,10,12,-0.39999999999999997,-2.0,-0.0061666674999999995
2023-11-25,2023020310,New Jersey Devils,Buffalo Sabres,7,2,0.5921924763761943,1,1,True,9,9,0.0,0.0,-0.004533336000000001
2023-11-25,2023020311,Pittsburgh Penguins,Toronto Maple Leafs,3,2,0.5223463838400043,1,1,True,12,9,0.39999999999999997,0.8,-0.008166668
2023-11-25,2023020308,New York Rangers,Boston Bruins,7,4,0.3730350809779489,0,1,False,8,7,0.20000000000000007,0.3999999999999999,-0.005833334000000001
2023-11-25,2023020309,Los Angeles Kings,Montréal Canadiens,4,0,0.6243293133774217,1,1,True,8,11,0.39999999999999997,1.4,-0.005742858
2023-11-25,2023020312,New York Islanders,Philadelphia Flyers,0,0,0.7454576338218563,1,0,False,10,10,-0.39999999999999997,-1.4,-0.004533334000000001
2023-11-26,2023020316,Detroit Red Wings,Minnesota Wild,4,1,0.41127678079109886,0,1,False,12,11,0.4,2.4,-0.004550002
2023-11-26,2023020318,Carolina Hurricanes,Columbus Blue Jackets,3,2,0.8778693200943445,1,1,True,10,11,0.39999999999999997,1.2,-0.005833334000000001
2023-11-26,2023020317,Chicago Blackhawks,St. Louis Blues,2,4,0.24842907534536832,0,0,True,8,8,0.0,-1.0,-0.005833334000000001
2023-11-26,2023020320,Edmonton Oilers,Anaheim Ducks,8,2,0.7097608336541527,1,1,True,10,10,0.20000000000000007,3.0,-0.005600001999999999
2023-11-26,2023020319,Nashville Predators,Winnipeg Jets,3,2,0.6685923894290456,1,1,True,9,10,-0.2,-1.5999999999999999,-0.004533334
2023-11-27,2023020322,New York Rangers,Buffalo Sabres,1,5,0.7669089237876948,1,0,False,9,10,0.4,3.4000000000000004,-0.0025333359999999997
2023-11-27,2023020326,San Jose Sharks,Washington Capitals,2,1,0.32151885201660224,0,1,False,11,10,-0.19999999999999996,-1.0,-0.005833334000000001
2023-11-27,2023020323,Ottawa Senators,Florida Panthers,0,5,0.3300839667784585,0,0,True,10,10,-0.20000000000000007,-0.5999999999999999,-0.005600004000000001
2023-11-27,2023020325,Calgary Flames,Vegas Golden Knights,2,1,0.40558067788129865,0,1,False,12,11,0.19999999999999996,0.2,-0.01
2023-11-27,2023020321,Columbus Blue Jackets,Boston Bruins,5,2,0.09872302601018296,0,1,False,12,8,-0.39999999999999997,-1.2,-0.008833334
2023-11-27,2023020324,Colorado Avalanche,Tampa Bay Lightning,4,1,0.6958845308612698,1,1,True,10,11,0.4,2.4,-0.0051666705
2023-11-28,2023020328,Philadelphia Flyers,Carolina Hurricanes,1,4,0.28855321684435026,0,0,True,11,11,0.0,0.6000000000000001,-0.01
2023-11-28,2023020333,Chicago Blackhawks,Seattle Kraken,4,3,0.33399631585396533,0,1,False,9,11,0.0,-0.8000000000000003,-0.003866668
2023-11-28,2023020331,Nashville Predators,Pittsburgh Penguins,3,2,0.4005676559986543,0,1,False,10,13,-0.39999999999999997,-2.0,-0.0068
2023-11-28,2023020332,Winnipeg Jets,Dallas Stars,0,2,0.49731696629255007,0,0,True,11,9,-0.4,-0.8,-0.005299999999999999
2023-11-28,2023020327,New Jersey Devils,New York Islanders,5,4,0.45960291386130436,0,1,False,10,11,0.6,2.4,-0.002166667999999999
2023-11-28,2023020336,Vancouver Canucks,Anaheim Ducks,3,1,0.5231247077086906,1,1,True,13,11,0.19999999999999996,3.0,-0.005766668000000001
2023-11-28,2023020335,Edmonton Oilers,Vegas Golden Knights,4,4,0.5634085781191746,1,0,False,11,12,0.6,3.6,-0.005833336000000001
2023-11-28,2023020330,Minnesota Wild,St. Louis Blues,3,1,0.5496322395038812,1,1,True,12,9,-0.6,-3.8,-0.007333334
2023-11-28,2023020329,Toronto Maple Leafs,Florida Panthers,1,1,0.6969087811091454,1,0,False,10,11,-0.6000000000000001,-1.8,-0.006333334000000001
2023-11-29,2023020339,Los Angeles Kings,Washington Capitals,1,2,0.5961506264200915,1,0,False,9,11,0.0,0.7999999999999999,-0.006333334000000001
2023-11-29,2023020337,Columbus Blue Jackets,Montréal Canadiens,2,4,0.33517367922131425,0,0,True,13,12,0.4,1.8,-0.007642858000000001
2023-11-29,2023020338,New York Rangers,Detroit Red Wings,3,2,0.7601085582715545,1,1,True,10,13,0.0,-0.19999999999999996,-0.00446667
2023-11-30,2023020343,Montréal Canadiens,Florida Panthers,1,5,0.18614452095601955,0,0,True,13,12,-0.39999999999999997,-2.2,-0.008333334000000001
2023-11-30,2023020351,Calgary Flames,Dallas Stars,4,3,0.4812025744758043,0,1,False,13,10,0.0,0.0,-0.008600000000000002
2023-11-30,2023020347,Nashville Predators,Minnesota Wild,1,6,0.47065765551354827,0,0,True,11,13,0.2,1.0,-0.004916668
2023-11-30,2023020345,Tampa Bay Lightning,Pittsburgh Penguins,2,4,0.7103126290065067,1,0,False,13,14,0.0,0.0,-0.007233333999999999
2023-11-30,2023020340,Boston Bruins,San Jose Sharks,3,0,0.712129962481155,1,1,True,9,12,-0.19999999999999996,-0.8,-0.005033336
2023-11-30,2023020341,Carolina Hurricanes,New York Islanders,4,5,0.7542874316117557,1,0,False,12,12,0.6,1.6,-0.005000001999999999
2023-11-30,2023020352,Anaheim Ducks,Washington Capitals,4,5,0.5858088255262661,1,0,False,12,12,-0.19999999999999996,-2.2,-0.006366668000000001
2023-11-30,2023020344,Philadelphia Flyers,New Jersey Devils,3,4,0.20831716051711588,0,0,True,12,11,0.0,0.0,-0.006500000000000001
2023-12-07,2023020398,Nashville Predators,Tampa Bay Lightning,5,1,0.5240434256176204,1,1,True,12,14,0.0,-1.4,-0.006366668
2023-12-08,2023020407,Edmonton Oilers,Minnesota Wild,4,3,0.6507898080295703,1,1,True,12,14,0.4,3.4,-0.0034500040000000004
2023-12-08,2023020406,Florida Panthers,Pittsburgh Penguins,3,1,0.6840439175070074,1,1,True,13,15,0.19999999999999996,2.4,-0.005809526000000001
2023-12-08,2023020405,Columbus Blue Jackets,St. Louis Blues,5,2,0.24035514909099356,0,1,False,15,11,-0.19999999999999996,-1.2,-0.0095
2023-12-09,2023020412,Detroit Red Wings,Ottawa Senators,1,5,0.5587273004270684,1,0,False,14,11,0.19999999999999996,1.8,-0.004776192
2023-12-09,2023020410,Dallas Stars,Vegas Golden Knights,1,6,0.3453373629751337,0,0,True,11,13,0.39999999999999997,1.8,-0.0063125015
2023-12-09,2023020411,Buffalo Sabres,Montréal Canadiens,2,2,0.5484562730969579,1,0,False,12,15,0.2,0.8,-0.0045000000000000005
2023-12-09,2023020416,Chicago Blackhawks,St. Louis Blues,3,1,0.27252905534729455,0,1,False,10,12,-0.2,-1.2000000000000002,-0.008
2023-12-09,2023020415,New York Islanders,Los Angeles Kings,3,2,0.48371465954158493,0,1,False,13,10,-0.39999999999999997,-1.2,-0.005575000000000002
2023-12-09,2023020409,Calgary Flames,New Jersey Devils,2,4,0.515431801692983,1,0,False,14,12,0.0,-0.19999999999999996,-0.005833334000000001
2023-12-09,2023020418,Seattle Kraken,Tampa Bay Lightning,3,4,0.4312812659562019,0,0,True,12,15,-0.2,-0.8,-0.005766669999999999
2023-12-09,2023020414,Washington Capitals,New York Rangers,4,0,0.3307830121560375,0,1,False,13,11,0.0,-0.6000000000000001,-0.0081000015
2023-12-09,2023020417,Colorado Avalanche,Philadelphia Flyers,2,5,0.8154227775204569,1,0,False,12,13,0.4,2.8,-0.006200002
2023-12-09,2023020413,Toronto Maple Leafs,Nashville Predators,4,0,0.7057583707473999,1,1,True,12,13,-0.39999999999999997,0.2,-0.007833334
2023-12-09,2023020419,Vancouver Canucks,Carolina Hurricanes,4,3,0.3352194999246209,0,1,False,15,14,0.0,-0.2,-0.007208333999999999
2023-12-10,2023020422,Chicago Blackhawks,Washington Capitals,2,4,0.30399495664678483,0,0,True,11,14,-0.19999999999999996,-0.4,-0.006833334000000001
2023-12-10,2023020424,New York Rangers,Los Angeles Kings,4,1,0.6505999902025688,1,1,True,12,11,0.19999999999999996,-0.6000000000000001,-0.008666668
2023-12-10,2023020425,Anaheim Ducks,Winnipeg Jets,2,4,0.41655153281098184,0,0,True,13,14,-0.2,-2.8,-0.006533334
2023-12-10,2023020426,Seattle Kraken,Minnesota Wild,0,3,0.37780108030708504,0,0,True,13,15,-0.4,-1.7999999999999998,-0.0059666680000000005
2023-12-10,2023020420,Columbus Blue Jackets,Florida Panthers,2,5,0.21414929062463572,0,0,True,16,14,-0.19999999999999996,-2.2,-0.007250000000000001
2023-12-10,2023020421,Edmonton Oilers,New Jersey Devils,4,1,0.6494781076806484,1,1,True,13,13,-0.19999999999999996,0.20000000000000018,-0.0022083355000000007
2023-12-10,2023020423,Montréal Canadiens,Nashville Predators,1,2,0.37003191120091866,0,0,True,16,14,-0.39999999999999997,-1.4,-0.007475000000000002
2023-12-10,2023020427,Vegas Golden Knights,San Jose Sharks,4,4,0.5437599527870584,1,0,False,14,14,-0.4,-0.20000000000000007,-0.006976192000000001
2023-12-11,2023020429,New York Islanders,Toronto Maple Leafs,4,3,0.43387747293051154,0,1,False,14,13,0.2,-0.2,-0.0078
2023-12-11,2023020430,Dallas Stars,Detroit Red Wings,6,3,0.7206989687619302,1,1,True,12,15,0.0,-1.2,-0.006475003499999999
2023-12-11,2023020431,Colorado Avalanche,Calgary Flames,6,5,0.7333675101959061,1,1,True,13,15,0.0,1.2,-0.0049750029999999995
2023-12-12,2023020440,Vegas Golden Knights,Calgary Flames,5,4,0.6512443013285694,1,1,True,15,16,-0.2,1.0,-0.0067500015
2023-12-12,2023020438,Seattle Kraken,Florida Panthers,4,0,0.3248942500943409,0,1,False,14,15,-0.8,-4.0,-0.0081
2023-12-12,2023020436,St. Louis Blues,Detroit Red Wings,4,6,0.6939405535594183,1,0,False,13,16,0.0,-0.19999999999999996,-0.0052666679999999995
2023-12-12,2023020441,San Jose Sharks,Winnipeg Jets,2,1,0.39263830755913526,0,1,False,15,15,0.19999999999999996,0.2,-0.0036666679999999992
2023-12-12,2023020439,Vancouver Canucks,Tampa Bay Lightning,4,1,0.3864890835597747,0,1,False,16,16,0.39999999999999997,2.6,-0.006366668000000001
2023-12-12,2023020433,Ottawa Senators,Carolina Hurricanes,1,4,0.3446197530909749,0,0,True,12,15,0.19999999999999996,0.0,-0.0073083359999999995
2023-12-12,2023020435,Nashville Predators,Philadelphia Flyers,3,2,0.6513521967012573,1,1,True,15,14,0.19999999999999996,-0.8,-0.007266667999999999
2023-12-12,2023020432,New York Rangers,Toronto Maple Leafs,3,7,0.7213108273677413,1,0,False,13,14,0.39999999999999997,-0.6000000000000001,-0.007466667999999999
2023-12-12,2023020437,Edmonton Oilers,Chicago Blackhawks,4,1,0.6852207200634414,1,1,True,14,12,0.4,3.6,-0.0038333360000000014
2023-12-13,2023020444,New York Islanders,Anaheim Ducks,4,3,0.45876541935155224,0,1,False,15,14,0.6,3.8,-0.006666668000000001
2023-12-13,2023020446,Los Angeles Kings,Winnipeg Jets,2,5,0.5866624990889131,1,0,False,12,16,0.0,0.2,-0.005266668
2023-12-13,2023020445,Colorado Avalanche,Buffalo Sabres,5,1,0.6849223717365599,1,1,True,14,14,0.0,-0.4,-0.004100002000000001
2023-12-13,2023020443,New Jersey Devils,Boston Bruins,2,1,0.227730656019174,0,1,False,14,11,0.20000000000000007,0.7999999999999999,-0.006033334000000001
2023-12-13,2023020442,Montréal Canadiens,Pittsburgh Penguins,3,3,0.5307093729917461,1,0,False,17,17,-0.39999999999999997,-1.7999999999999998,-0.007574999999999999
2023-12-14,2023020453,Seattle Kraken,Chicago Blackhawks,7,1,0.521658741615146,1,1,True,15,13,-0.2,0.6000000000000001,-0.0061
2023-12-14,2023020451,St. Louis Blues,Ottawa Senators,4,2,0.5991254156579717,1,1,True,14,13,-0.2,-0.3999999999999999,-0.003742858
2023-12-21,2023020499,Columbus Blue Jackets,Washington Capitals,2,3,0.2897928132850901,0,0,True,18,15,-0.4,-2.4,-0.007333334
2023-12-21,2023020505,Dallas Stars,Vancouver Canucks,4,3,0.5463900171422773,1,1,True,13,17,-0.19999999999999996,-1.2000000000000002,-0.0041833355
2023-12-21,2023020508,Anaheim Ducks,Calgary Flames,0,3,0.46946346457119653,0,0,True,15,18,-0.2,-1.7999999999999998,-0.0054583340000000004
2023-12-21,2023020501,New Jersey Devils,Edmonton Oilers,3,6,0.3344969190544,0,0,True,15,16,0.20000000000000007,-0.4,-0.008100000000000001
2023-12-21,2023020506,Minnesota Wild,Montréal Canadiens,4,3,0.5529383458476286,1,1,True,16,18,0.6,3.0,-0.004266668
2023-12-21,2023020502,Philadelphia Flyers,Nashville Predators,2,4,0.3144730982314964,0,0,True,15,16,-0.39999999999999997,0.19999999999999996,-0.008433334000000002
2023-12-22,2023020513,Chicago Blackhawks,Montréal Canadiens,2,5,0.43496413212216123,0,0,True,14,19,0.4,-0.40000000000000013,-0.005000002
2023-12-22,2023020511,New York Rangers,Edmonton Oilers,3,4,0.6123954103838795,1,0,False,14,17,-0.4,-3.0,-0.006283334000000001
2023-12-22,2023020510,Detroit Red Wings,Philadelphia Flyers,6,6,0.7188335511820142,1,0,False,17,16,0.2,0.20000000000000007,-0.007099999999999999
2023-12-22,2023020512,Winnipeg Jets,Boston Bruins,5,1,0.2644118818622758,0,1,False,17,12,0.19999999999999996,1.2000000000000002,-0.008266668000000001
2023-12-23,2023020522,New York Rangers,Buffalo Sabres,4,3,0.642631623064465,1,1,True,15,16,-0.19999999999999996,-2.4,-0.005533334
2023-12-23,2023020520,Ottawa Senators,Pittsburgh Penguins,5,4,0.4805498764917005,0,1,False,14,19,-0.2,-2.0,-0.006366668000000001
2023-12-23,2023020524,St. Louis Blues,Chicago Blackhawks,7,5,0.5750073079229244,1,1,True,15,15,0.2,1.7999999999999998,-0.007
2023-12-23,2023020516,Carolina Hurricanes,New York Islanders,4,5,0.7190098310567075,1,0,False,16,16,-0.4,0.0,-0.0036999999999999997
2023-12-23,2023020514,Florida Panthers,Vegas Golden Knights,4,2,0.6753003515416249,1,1,True,18,17,0.0,-2.2,-0.006666668
2023-12-23,2023020521,Washington Capitals,Tampa Bay Lightning,1,1,0.45706830377623076,0,0,True,16,17,0.8,3.8,-0.0047666705
2023-12-23,2023020515,Nashville Predators,Dallas Stars,2,3,0.3417711364018709,0,0,True,17,14,0.20000000000000007,0.8,-0.007166667999999999
2023-12-23,2023020518,Minnesota Wild,Boston Bruins,3,2,0.3498366014269888,0,1,False,17,13,0.4,2.6,-0.007100002000000001
2023-12-23,2023020527,Vancouver Canucks,San Jose Sharks,7,4,0.6644152873666102,1,1,True,18,16,0.0,0.4,-0.0075000000000000015
2023-12-23,2023020517,Columbus Blue Jackets,Toronto Maple Leafs,1,4,0.3003163867312931,0,0,True,19,15,0.0,-2.2,-0.0066
2023-12-23,2023020523,Anaheim Ducks,Seattle Kraken,2,3,0.3870607799681149,0,0,True,16,16,-0.4,-2.8,-0.007333334
2023-12-23,2023020519,New Jersey Devils,Detroit Red Wings,3,2,0.6302891500959464,1,1,True,16,18,0.39999999999999997,0.7999999999999999,-0.007833334
2023-12-23,2023020526,Los Angeles Kings,Calgary Flames,5,3,0.5979900976089728,1,1,True,13,19,0.0,-0.6000000000000001,-0.006933334
2023-12-27,2023020538,Chicago Blackhawks,Winnipeg Jets,2,1,0.41482836162114556,0,1,False,16,18,-0.8,-5.2,-0.006833333999999999
2023-12-27,2023020540,Anaheim Ducks,Vegas Golden Knights,5,2,0.3563105881916344,0,1,False,17,18,-0.4,-2.2,-0.005000002000000001
2023-12-27,2023020541,Los Angeles Kings,San Jose Sharks,5,1,0.6772501555880082,1,1,True,14,17,-0.2,-0.3999999999999999,-0.006933334
2023-12-27,2023020539,Calgary Flames,Seattle Kraken,1,2,0.6796830259548283,1,0,False,20,17,-0.39999999999999997,-1.5999999999999999,-0.008047622
2023-12-27,2023020532,Buffalo Sabres,Boston Bruins,1,4,0.18234139792062273,0,0,True,17,14,0.0,1.0,-0.007866668
2023-12-27,2023020533,New York Islanders,Pittsburgh Penguins,0,7,0.5187684857167923,1,0,False,17,20,0.8,1.2,-0.007699999999999999
2023-12-27,2023020535,Nashville Predators,Carolina Hurricanes,2,5,0.39815059307106676,0,0,True,18,17,0.39999999999999997,0.0,-0.0075
2023-12-27,2023020536,St. Louis Blues,Dallas Stars,2,1,0.4460715012496542,0,1,False,16,15,-0.19999999999999996,-0.39999999999999997,-0.007500000000000001
2023-12-27,2023020534,Minnesota Wild,Detroit Red Wings,6,3,0.6334830552663042,1,1,True,18,19,0.6000000000000001,3.0,-0.006766668000000001
2023-12-27,2023020528,New Jersey Devils,Columbus Blue Jackets,4,3,0.747388438390094,1,1,True,17,20,0.19999999999999996,0.19999999999999996,-0.005666667999999999
2023-12-27,2023020531,Toronto Maple Leafs,Ottawa Senators,2,4,0.8125536610523327,1,0,False,16,15,0.19999999999999996,3.0,-0.001723811999999999
2023-12-27,2023020530,Tampa Bay Lightning,Florida Panthers,2,3,0.4771078420617468,0,0,True,18,19,-0.2,-0.40000000000000013,-0.008333334000000001
2023-12-27,2023020529,New York Rangers,Washington Capitals,5,1,0.754854627961572,1,1,True,16,17,-0.4,-2.6,-0.0070333340000000005
2023-12-28,2023020543,Vancouver Canucks,Philadelphia Flyers,1,4,0.6528098328646087,1,0,False,19,17,0.39999999999999997,0.8,-0.0074333340000000015
2023-12-28,2023020542,Carolina Hurricanes,Montréal Canadiens,5,3,0.5374452724269458,1,1,True,18,20,0.2,0.39999999999999997,-0.0026000020000000006
2023-12-28,2023020545,San Jose Sharks,Edmonton Oilers,0,5,0.13274001787793188,0,0,True,18,18,-0.4,-2.4,-0.0065833355
2023-12-28,2023020544,Vegas Golden Knights,Los Angeles Kings,3,2,0.47659765603086046,0,1,False,19,15,-0.2,-0.8,-0.006466668000000002
2023-12-29,2023020548,Florida Panthers,New York Rangers,4,3,0.6311996969218588,1,1,True,20,17,-0.19999999999999996,-2.2,-0.008000002000000003
2023-12-29,2023020551,Dallas Stars,Chicago Blackhawks,5,4,0.751463051432485,1,1,True,16,17,0.39999999999999997,2.4,-0.005999999999999999
2023-12-29,2023020549,Ottawa Senators,New Jersey Devils,2,6,0.37037685737784687,0,0,True,16,18,0.0,1.0,-0.008666668
2024-01-05,2023020603,Washington Capitals,Carolina Hurricanes,2,6,0.4061508925944833,0,0,True,18,19,0.0,-0.6,-0.0076666680000000015
2024-01-05,2023020604,Anaheim Ducks,Winnipeg Jets,1,3,0.4359819275399384,0,0,True,18,19,-0.39999999999999997,-2.2,-0.005166667999999999
2024-01-05,2023020602,New Jersey Devils,Chicago Blackhawks,4,2,0.6466208731292281,1,1,True,19,18,0.6000000000000001,3.0,-0.006083334
2024-01-06,2023020616,Vegas Golden Knights,New York Islanders,5,2,0.5537211999805992,1,1,True,20,18,-0.4,-0.20000000000000007,-0.003224999999999999
2024-01-06,2023020611,New Jersey Devils,Vancouver Canucks,4,6,0.33679552053716516,0,0,True,20,20,0.20000000000000007,0.4,-0.007683334000000001
2024-01-06,2023020606,Colorado Avalanche,Florida Panthers,4,8,0.5151750400472758,1,0,False,18,21,0.20000000000000007,2.4,-0.0049000020000000005
2024-01-06,2023020609,Columbus Blue Jackets,Minnesota Wild,3,4,0.4335096096726054,0,0,True,21,19,-0.6000000000000001,-2.8,-0.005599999999999999
2024-01-06,2023020607,Boston Bruins,Tampa Bay Lightning,7,3,0.6418957984499635,1,1,True,15,19,0.2,1.2,-0.004100002
2024-01-06,2023020605,Philadelphia Flyers,Calgary Flames,3,2,0.3759443358469769,0,1,False,19,21,0.0,0.2,-0.007833334
2024-01-06,2023020612,Pittsburgh Penguins,Buffalo Sabres,1,3,0.5937406432594408,1,0,False,21,18,0.0,1.4000000000000001,-0.004080954000000001
2024-01-06,2023020614,Dallas Stars,Nashville Predators,3,4,0.6048522750644121,1,0,False,17,19,0.20000000000000007,1.0,-0.006833334000000001
2024-01-06,2023020610,Montréal Canadiens,New York Rangers,3,3,0.4469291845682125,0,0,True,21,18,-0.2,0.0,-0.007266667999999999
2024-01-06,2023020608,Carolina Hurricanes,St. Louis Blues,1,1,0.5069270512678731,1,0,False,20,18,0.20000000000000007,1.8000000000000003,-0.0026000020000000006
2024-01-06,2023020613,San Jose Sharks,Toronto Maple Leafs,1,4,0.3371915229210313,0,0,True,19,18,-0.2,-2.8000000000000003,-0.006666668
2024-01-06,2023020615,Edmonton Oilers,Ottawa Senators,3,1,0.7606191273070763,1,1,True,19,17,0.4,3.0,-0.004714285999999999
2024-01-07,2023020620,Anaheim Ducks,Detroit Red Wings,2,3,0.5278417388684575,1,0,False,19,22,0.0,-0.20000000000000007,-0.008333334
2024-01-07,2023020618,Washington Capitals,Los Angeles Kings,4,3,0.42677761885327287,0,1,False,19,16,0.0,-0.8,-0.006583337000000001
2024-01-07,2023020617,Chicago Blackhawks,Calgary Flames,4,3,0.4219086405894379,0,1,False,19,22,0.0,-1.2,-0.007600002
2024-01-08,2023020621,New York Rangers,Vancouver Canucks,3,6,0.5905957775019098,1,0,False,19,21,-0.19999999999999996,-0.20000000000000007,-0.007500002
2024-01-08,2023020622,Philadelphia Flyers,Pittsburgh Penguins,1,4,0.2958063063481002,0,0,True,20,22,0.2,-0.4,-0.008000001999999999
2024-01-08,2023020623,Minnesota Wild,Dallas Stars,0,4,0.507820934713802,1,0,False,20,18,0.4,1.6,-0.006266668000000001
2024-01-08,2023020624,Colorado Avalanche,Boston Bruins,3,3,0.4148887158124329,0,0,True,19,16,0.19999999999999996,0.6000000000000001,-0.0038333359999999997
2024-01-09,2023020628,New York Islanders,Vancouver Canucks,2,5,0.6426749331156424,1,0,False,19,22,0.0,-2.2,-0.007833334
2024-01-09,2023020625,Buffalo Sabres,Seattle Kraken,2,5,0.544328690986148,1,0,False,19,18,-0.4,-1.8,-0.008433334
2024-01-09,2023020629,Nashville Predators,Anaheim Ducks,3,5,0.41490447463781227,0,0,True,20,20,0.39999999999999997,0.8,-0.0034142860000000003
2024-01-09,2023020626,Tampa Bay Lightning,Los Angeles Kings,3,2,0.58769545505096,1,1,True,20,17,-0.2,-1.5999999999999999,-0.009583335
2024-01-09,2023020627,Toronto Maple Leafs,San Jose Sharks,7,1,0.7970805679629296,1,1,True,19,20,0.39999999999999997,4.199999999999999,-0.004833334
2024-01-09,2023020630,St. Louis Blues,Florida Panthers,1,5,0.2821144607262889,0,0,True,19,22,-0.20000000000000007,-0.19999999999999996,-0.0085
2024-01-09,2023020631,Winnipeg Jets,Columbus Blue Jackets,5,0,0.7184103888003028,1,1,True,21,22,0.6000000000000001,3.4,-0.002333335999999999
2024-01-09,2023020634,Calgary Flames,Ottawa Senators,6,3,0.7205132769805075,1,1,True,23,18,-0.2,0.6,-0.005595241999999999
2024-01-09,2023020632,Chicago Blackhawks,Edmonton Oilers,1,2,0.1274291489302152,0,0,True,20,20,-0.4,-2.2,-0.0051833355000000005
2024-01-10,2023020637,Colorado Avalanche,Vegas Golden Knights,3,0,0.6627717557618166,1,1,True,20,21,0.0,0.4,-0.004566670000000001
2024-01-10,2023020635,Philadelphia Flyers,Montréal Canadiens,2,2,0.3710705973633491,0,0,True,21,22,0.2,0.2,-0.005333338
2024-01-10,2023020636,Dallas Stars,Minnesota Wild,7,2,0.5637459100157233,1,1,True,19,21,-0.20000000000000007,0.4,-0.0034333339999999993
2024-01-11,2023020638,Buffalo Sabres,Ottawa Senators,5,3,0.484750408921447,0,1,False,20,19,0.0,1.4,-0.006980953999999999
2024-01-11,2023020639,Carolina Hurricanes,Anaheim Ducks,6,3,0.7868836664763056,1,1,True,21,21,0.19999999999999996,1.4000000000000001,0.0007999979999999997
2024-01-11,2023020641,Florida Panthers,Los Angeles Kings,3,2,0.53581393739102,1,1,True,23,18,0.6,1.7999999999999998,-0.007183337
2024-01-11,2023020645,Washington Capitals,Seattle Kraken,1,4,0.5761305727634807,1,0,False,20,19,-0.6,-4.2,-0.006833336
2024-01-11,2023020646,New York Islanders,Toronto Maple Leafs,4,3,0.525436112241057,1,1,True,20,20,-0.19999999999999996,-4.0,-0.004750000000000001
2024-01-11,2023020644,Tampa Bay Lightning,New Jersey Devils,4,3,0.5312762174117251,1,1,True,21,21,-0.6000000000000001,-2.5999999999999996,-0.0096
2024-01-11,2023020647,St. Louis Blues,New York Rangers,5,2,0.45571717869418576,0,1,False,20,20,0.0,-0.6000000000000001,-0.008166667500000002
2024-01-11,2023020648,Winnipeg Jets,Chicago Blackhawks,2,1,0.5643094360538895,1,1,True,22,21,0.4,3.1999999999999997,-0.0046666699999999995
2024-01-11,2023020643,Pittsburgh Penguins,Vancouver Canucks,3,4,0.4188902420535935,0,0,True,23,23,-0.4,-0.20000000000000018,-0.006314288
2024-01-11,2023020650,Vegas Golden Knights,Boston Bruins,2,1,0.14391962896206192,0,1,False,22,18,0.0,-1.8,-0.005600002000000001
2024-01-11,2023020642,Montréal Canadiens,San Jose Sharks,2,3,0.48053366812323506,0,0,True,23,21,0.2,4.2,-0.005600000000000001
2024-01-11,2023020640,Detroit Red Wings,Edmonton Oilers,2,3,0.24947197815199812,0,0,True,23,21,-0.6,-2.8,-0.007766667499999999
2024-01-19,2023020705,Chicago Blackhawks,New York Islanders,4,3,0.34419543037728806,0,1,False,22,21,-0.2,1.4000000000000001,-0.0052666679999999995
2024-01-19,2023020703,Columbus Blue Jackets,New Jersey Devils,1,4,0.3371247328427871,0,0,True,23,22,-0.6,-3.0,-0.009099999999999999
2024-01-19,2023020704,Florida Panthers,Minnesota Wild,4,6,0.5840861949412296,1,0,False,24,22,0.4,3.0,-0.004100002
2024-01-19,2023020702,Carolina Hurricanes,Detroit Red Wings,4,2,0.8864388473576172,1,1,True,22,24,0.4,2.8,-0.004333336
2024-01-20,2023020706,Buffalo Sabres,Tampa Bay Lightning,1,3,0.5447708869729826,1,0,False,22,22,0.19999999999999996,0.8,-0.008500002
2024-01-20,2023020716,Vegas Golden Knights,Pittsburgh Penguins,3,2,0.5856627618880383,1,1,True,23,24,0.19999999999999996,-1.4,-0.0045000000000000005
2024-01-20,2023020715,San Jose Sharks,Anaheim Ducks,5,3,0.3824520548092067,0,1,False,22,22,-0.2,-3.1999999999999997,-0.0040333339999999995
2024-01-20,2023020707,Philadelphia Flyers,Colorado Avalanche,4,7,0.15724428073657754,0,0,True,22,21,0.0,0.0,-0.005266670000000001
2024-01-20,2023020714,Calgary Flames,Edmonton Oilers,1,3,0.31291334965734535,0,0,True,25,22,-0.6,-1.2,-0.007500002
2024-01-20,2023020712,Vancouver Canucks,Toronto Maple Leafs,6,4,0.45170011783784353,0,1,False,25,21,0.6,1.0,-0.002833335
2024-01-20,2023020713,St. Louis Blues,Washington Capitals,3,0,0.3969370987874357,0,1,False,21,21,0.2,1.8,-0.00566667
2024-01-20,2023020710,Boston Bruins,Montréal Canadiens,9,4,0.674159359119323,1,1,True,19,24,0.2,1.0,-0.0046666680000000006
2024-01-20,2023020717,Los Angeles Kings,New York Rangers,2,1,0.3792644392641397,0,1,False,19,21,0.0,0.6,-0.0059166695
2024-01-20,2023020709,Ottawa Senators,Winnipeg Jets,1,2,0.5041265833168597,1,0,False,20,23,-0.6000000000000001,-4.0,-0.009333334
2024-01-20,2023020711,New Jersey Devils,Dallas Stars,2,6,0.3043943409549856,0,0,True,23,20,0.0,-0.40000000000000013,-0.007333334000000001
2024-01-21,2023020723,Seattle Kraken,Toronto Maple Leafs,1,3,0.25888214350011696,0,0,True,20,22,0.6,1.7999999999999998,0.00208333
2024-01-21,2023020721,New York Islanders,Dallas Stars,3,2,0.5937570797499776,1,1,True,22,21,-0.6000000000000001,-5.2,-0.006000002000000001
2024-01-21,2023020719,Carolina Hurricanes,Minnesota Wild,2,5,0.7442475320559838,1,0,False,23,23,0.20000000000000007,2.8000000000000003,-0.0008333359999999996
2024-01-21,2023020720,Detroit Red Wings,Tampa Bay Lightning,2,1,0.42617779431784386,0,1,False,25,23,-0.19999999999999996,0.0,-0.0071
2024-01-21,2023020718,Philadelphia Flyers,Ottawa Senators,3,5,0.3717250744917251,0,0,True,23,21,0.2,1.4,-0.004666670000000001
2024-01-21,2023020722,Anaheim Ducks,New York Rangers,2,5,0.2987067516785235,0,0,True,23,22,0.2,0.40000000000000013,-0.0061833355000000005
2024-01-22,2023020729,Los Angeles Kings,San Jose Sharks,3,3,0.6302682940712906,1,0,False,20,23,-0.2,1.6,-0.004333335999999999
2024-01-22,2023020728,Vancouver Canucks,Chicago Blackhawks,2,0,0.48018549776472264,0,1,False,26,23,0.6,2.4,-0.005916669000000001
2024-01-22,2023020725,New Jersey Devils,Vegas Golden Knights,6,5,0.3703612753879286,0,1,False,24,24,-0.4,-1.0,-0.009000000000000001
2024-01-22,2023020726,Nashville Predators,Florida Panthers,1,4,0.3613640133921711,0,0,True,22,25,-0.6000000000000001,-2.8,-0.005333336
2024-01-22,2023020724,Boston Bruins,Winnipeg Jets,4,1,0.6848815365636016,1,1,True,20,24,-0.6,-1.2000000000000002,-0.007166667999999999
2024-01-23,2023020735,Calgary Flames,St. Louis Blues,3,4,0.35251796634994387,0,0,True,26,22,0.0,0.39999999999999997,-0.005333336
2024-01-23,2023020738,San Jose Sharks,New York Rangers,3,2,0.10990139509613929,0,1,False,24,23,0.2,-0.3999999999999999,-0.00625
2024-01-23,2023020737,Anaheim Ducks,Buffalo Sabres,4,2,0.30087925718554476,0,1,False,24,23,-0.39999999999999997,-1.7999999999999998,-0.005866668
2024-01-23,2023020730,Detroit Red Wings,Dallas Stars,4,5,0.3601512188382311,0,0,True,26,22,-0.19999999999999996,-2.4000000000000004,-0.0063500000000000015
2024-01-23,2023020733,New York Islanders,Vegas Golden Knights,2,3,0.5028116925412249,1,0,False,23,25,-0.19999999999999996,-1.2,-0.0060833350000000005
2024-01-23,2023020734,Minnesota Wild,Washington Capitals,5,3,0.4352901398396952,0,1,False,24,22,0.39999999999999997,2.0,-0.002000004
2024-01-23,2023020736,Edmonton Oilers,Columbus Blue Jackets,4,1,0.8317039025467947,1,1,True,23,24,1.0,4.800000000000001,-0.006000002000000001
2024-01-23,2023020731,Montréal Canadiens,Ottawa Senators,1,4,0.3462830206313817,0,0,True,25,22,-0.2,-0.40000000000000013,-0.005166670000000001
2024-01-23,2023020732,Philadelphia Flyers,Tampa Bay Lightning,3,6,0.344248376211299,0,0,True,24,24,-0.39999999999999997,-1.2,-0.006166668
2024-01-24,2023020745,Los Angeles Kings,Buffalo Sabres,3,5,0.49178903697037624,0,0,True,21,24,-0.2,0.0,-0.004833336000000001
2024-01-24,2023020743,Seattle Kraken,Chicago Blackhawks,6,2,0.363050648513163,0,1,False,21,24,0.4,1.6,-0.005333334
2024-01-24,2023020744,Vancouver Canucks,St. Louis Blues,3,4,0.365355408148135,0,0,True,27,23,0.4,1.2000000000000002,-0.003933336
2024-01-24,2023020740,Toronto Maple Leafs,Winnipeg Jets,1,0,0.8370916762427425,1,1,True,23,25,-0.20000000000000007,0.0,-0.007
2024-01-24,2023020741,Boston Bruins,Carolina Hurricanes,2,3,0.4614902472486057,0,0,True,21,24,-0.19999999999999996,0.0,-0.004600002
2024-01-24,2023020742,Colorado Avalanche,Washington Capitals,6,2,0.6172439571650952,1,1,True,22,23,0.2,2.4000000000000004,-0.0021666720000000006
2024-01-25,2023020747,Detroit Red Wings,Philadelphia Flyers,3,0,0.5134625116270025,1,1,True,27,25,0.4,1.8000000000000003,-0.003433335999999999
2024-01-25,2023020749,Ottawa Senators,Boston Bruins,2,3,0.21187008426947823,0,0,True,23,22,0.0,-1.2,-0.005600004000000001
2024-01-25,2023020752,Minnesota Wild,Nashville Predators,2,3,0.35655168153146494,0,0,True,25,23,0.39999999999999997,1.2000000000000002,-0.004166668
2024-02-09,2023020803,Anaheim Ducks,Edmonton Oilers,3,5,0.23816487571546943,0,0,True,25,24,-0.6,-2.6,-0.007766668000000001
2024-02-09,2023020802,Chicago Blackhawks,New York Rangers,3,4,0.2338315341511983,0,0,True,26,24,0.0,-0.8,-0.0079166675
2024-02-09,2023020801,Minnesota Wild,Pittsburgh Penguins,3,2,0.4556140350947812,0,1,False,26,26,0.39999999999999997,1.0,-0.003666668
2024-02-10,2023020806,Montréal Canadiens,Dallas Stars,2,3,0.34112158441218254,0,0,True,26,24,-0.8,-3.8,-0.004500001333333334
2024-02-10,2023020804,Buffalo Sabres,St. Louis Blues,1,3,0.2971145697720228,0,0,True,25,24,-0.20000000000000007,-0.20000000000000007,-0.006333338000000001
2024-02-10,2023020808,Boston Bruins,Washington Capitals,0,3,0.5337320364942326,1,0,False,23,24,0.39999999999999997,3.6,-0.004000001999999999
2024-02-10,2023020814,Winnipeg Jets,Pittsburgh Penguins,2,1,0.4544261827699047,0,1,False,26,27,0.39999999999999997,1.2,-0.006333336000000001
2024-02-10,2023020809,Florida Panthers,Colorado Avalanche,4,0,0.39798196752589826,0,1,False,27,23,0.20000000000000007,0.8,-0.006600002000000001
2024-02-10,2023020812,Ottawa Senators,Toronto Maple Leafs,5,3,0.24466543961424025,0,1,False,24,24,-0.19999999999999996,-1.0,-0.0046666699999999995
2024-02-10,2023020810,Carolina Hurricanes,New Jersey Devils,1,0,0.6818030180688377,1,1,True,25,26,0.19999999999999996,1.0,-0.002958337
2024-02-10,2023020813,Philadelphia Flyers,Seattle Kraken,3,2,0.4863659538898281,0,1,False,26,22,-0.8,-4.0,-0.005833334
2024-02-10,2023020816,Los Angeles Kings,Edmonton Oilers,4,0,0.32791152665804746,0,1,False,22,25,-0.8,-2.4,-0.006000002
2024-02-10,2023020805,Detroit Red Wings,Vancouver Canucks,4,3,0.33941368160741614,0,1,False,28,28,-0.4,-1.0,-0.005833334000000001
2024-02-10,2023020811,Columbus Blue Jackets,Tampa Bay Lightning,2,4,0.5652010770085638,1,0,False,25,25,-0.8,-3.8,-0.0085
2024-02-10,2023020807,New York Islanders,Calgary Flames,2,5,0.6046884062725311,1,0,False,24,28,0.0,-0.8,-0.005916668999999999
2024-02-11,2023020817,Montréal Canadiens,St. Louis Blues,2,7,0.31430112052178427,0,0,True,27,25,-1.0,-4.0,-0.007333335999999999
2024-02-11,2023020818,Washington Capitals,Vancouver Canucks,2,3,0.41044852987658864,0,0,True,25,29,-0.39999999999999997,-2.4,-0.007666668
2024-02-12,2023020819,New Jersey Devils,Seattle Kraken,3,1,0.5144754368313181,1,1,True,27,23,-0.19999999999999996,-1.7999999999999998,-0.008833334
2024-02-12,2023020822,Vegas Golden Knights,Minnesota Wild,3,5,0.45537421445517107,0,0,True,26,27,-0.20000000000000007,-1.5999999999999999,-0.0078333355
2024-02-12,2023020820,New York Rangers,Calgary Flames,2,0,0.7542901336809688,1,1,True,25,29,0.0,-0.4,-0.007833334
2024-02-13,2023020830,Dallas Stars,Carolina Hurricanes,4,2,0.43818238218664346,0,1,False,25,26,0.0,0.3999999999999999,-0.006266668
2024-02-13,2023020828,Washington Capitals,Colorado Avalanche,3,6,0.43153487065700885,0,0,True,26,24,-0.39999999999999997,-2.5999999999999996,-0.006166668
2024-02-13,2023020826,Ottawa Senators,Columbus Blue Jackets,6,3,0.5606472032170263,1,1,True,25,26,0.6,3.8,-0.005333336
2024-02-13,2023020833,Edmonton Oilers,Detroit Red Wings,8,4,0.7078230948409895,1,1,True,26,29,0.20000000000000007,0.4,-0.004999999999999999
2024-02-13,2023020831,Nashville Predators,New Jersey Devils,2,4,0.42420432543755093,0,0,True,25,28,0.0,-0.20000000000000007,-0.007958337
2024-02-13,2023020829,New York Islanders,Seattle Kraken,1,1,0.6001575263383214,1,0,False,25,24,0.0,-1.0,-0.006766669000000001
2024-02-13,2023020825,Montréal Canadiens,Anaheim Ducks,5,0,0.5491904576383957,1,1,True,28,26,-0.2,-1.4,-0.005333336
2024-02-13,2023020824,Buffalo Sabres,Los Angeles Kings,7,0,0.376092785232216,0,1,False,26,23,0.0,-0.6000000000000001,-0.008333336
2024-02-13,2023020827,Toronto Maple Leafs,St. Louis Blues,4,1,0.6654146928253398,1,1,True,25,26,-0.6,-2.8,-0.009333334
2024-02-13,2023020832,Chicago Blackhawks,Vancouver Canucks,2,4,0.24433462096014125,0,0,True,27,30,-0.39999999999999997,-2.4,-0.0080000015
2024-02-13,2023020823,Boston Bruins,Tampa Bay Lightning,2,2,0.6618591969157499,1,0,False,24,26,-0.20000000000000007,-0.3999999999999999,-0.0056666680000000014
2024-02-14,2023020835,Winnipeg Jets,San Jose Sharks,1,0,0.6901155682074359,1,1,True,27,25,0.0,0.2,-0.006666668
2024-02-14,2023020834,Pittsburgh Penguins,Florida Panthers,2,5,0.6288257014759658,1,0,False,28,28,-0.8,-3.4,-0.007047622
2024-02-15,2023020847,Nashville Predators,Dallas Stars,2,9,0.32208764018873864,0,0,True,26,26,-0.4,-1.6,-0.0055000019999999995
2024-02-15,2023020844,St. Louis Blues,Edmonton Oilers,6,3,0.3386138873509708,0,1,False,27,27,0.0,-0.19999999999999996,-0.002800001999999999
2024-02-15,2023020841,Ottawa Senators,Anaheim Ducks,1,5,0.5307530650641653,1,0,False,26,27,0.6000000000000001,3.8,-0.005200002
2024-02-15,2023020843,Toronto Maple Leafs,Philadelphia Flyers,4,3,0.8942714415268574,1,1,True,26,28,0.19999999999999996,1.4,-0.008666667999999999
2024-02-15,2023020839,New Jersey Devils,Los Angeles Kings,1,2,0.3681419511823712,0,0,True,29,24,0.19999999999999996,1.4,-0.008600000000000002
2024-02-15,2023020848,Vancouver Canucks,Detroit Red Wings,4,1,0.5982603231815791,1,1,True,31,30,0.0,0.6,-0.008083334000000001
2024-02-15,2023020842,Tampa Bay Lightning,Colorado Avalanche,6,3,0.40439331305143156,0,1,False,27,25,-0.20000000000000007,-0.6000000000000001,-0.004000004000000001
2024-02-15,2023020837,Boston Bruins,Seattle Kraken,1,4,0.6425541963641292,1,0,False,25,25,0.2,0.2,-0.005766668
2024-02-15,2023020846,Calgary Flames,San Jose Sharks,3,6,0.7677418391352215,1,0,False,30,26,-0.39999999999999997,-1.6,-0.006666667999999999
2024-02-15,2023020845,Chicago Blackhawks,Pittsburgh Penguins,1,4,0.28490828848448857,0,0,True,28,29,0.0,-0.5999999999999999,-0.0065416695000000006
2024-02-15,2023020838,Buffalo Sabres,Florida Panthers,0,4,0.36403373753954765,0,0,True,27,29,-0.4,-1.7999999999999998,-0.006380954
2024-02-15,2023020840,New York Rangers,Montréal Canadiens,7,4,0.6168458868881216,1,1,True,26,29,0.39999999999999997,2.6,-0.007133333999999999
2024-02-23,2023020900,Columbus Blue Jackets,Buffalo Sabres,1,2,0.427296321818037,0,0,True,27,28,-0.4,-3.4000000000000004,-0.006500002
2024-02-24,2023020915,Los Angeles Kings,Anaheim Ducks,2,2,0.6307935682193628,1,0,False,25,28,0.0,0.0,-0.003833336
2024-02-24,2023020914,San Jose Sharks,Nashville Predators,2,4,0.26976972758681217,0,0,True,27,27,0.19999999999999996,3.0,-0.005500001999999999
2024-02-24,2023020908,Colorado Avalanche,Toronto Maple Leafs,3,4,0.5756081633304567,1,0,False,26,27,-0.20000000000000007,-0.4,-0.006000002000000001
2024-02-24,2023020912,Edmonton Oilers,Calgary Flames,3,6,0.7142594818845007,1,0,False,29,31,0.2,0.6,-0.0042500014999999995
2024-02-24,2023020911,Vancouver Canucks,Boston Bruins,3,2,0.13188013673176985,0,1,False,32,26,0.39999999999999997,2.0,-0.005000004000000001
2024-02-24,2023020913,Seattle Kraken,Minnesota Wild,2,5,0.39182103432520643,0,0,True,26,29,-0.4,-0.3999999999999999,-0.007766668
2024-02-24,2023020907,Carolina Hurricanes,Dallas Stars,1,2,0.7197485849791206,1,0,False,28,27,-0.4,-2.1999999999999997,-0.005791668
2024-02-24,2023020910,Ottawa Senators,Vegas Golden Knights,3,3,0.39367446025466313,0,0,True,27,27,0.0,0.6,-0.007866668
2024-02-24,2023020909,Detroit Red Wings,St. Louis Blues,6,1,0.2849507359285045,0,1,False,32,28,-0.20000000000000007,-1.2000000000000002,-0.0060333359999999985
2024-02-24,2023020903,New Jersey Devils,Montréal Canadiens,4,3,0.4194359545530946,0,1,False,30,30,0.2,1.5999999999999999,-0.0075
2024-02-24,2023020904,New York Islanders,Tampa Bay Lightning,2,4,0.6937101950053389,1,0,False,26,28,-0.39999999999999997,-2.2,-0.0068333355
2024-02-24,2023020906,Florida Panthers,Washington Capitals,3,2,0.5190061361290532,1,1,True,31,27,0.8,5.800000000000001,-0.0026666680000000014
2024-02-24,2023020905,Philadelphia Flyers,New York Rangers,1,2,0.3512718824029323,0,0,True,29,27,-0.4,-2.4000000000000004,-0.007433333999999999
2024-02-25,2023020917,Pittsburgh Penguins,Philadelphia Flyers,7,6,0.7658207129062239,1,1,True,30,30,-0.2,-0.6,-0.009000002
2024-02-25,2023020916,New Jersey Devils,Tampa Bay Lightning,1,4,0.44765773775195034,0,0,True,31,29,-0.20000000000000007,-1.4,-0.005466668000000001
2024-02-25,2023020922,Anaheim Ducks,Nashville Predators,2,4,0.2080036251455693,0,0,True,29,28,-0.19999999999999996,0.8,-0.0011666679999999992
2024-02-25,2023020920,Chicago Blackhawks,Detroit Red Wings,2,3,0.43198939948546533,0,0,True,30,33,-0.6,-2.8,-0.009375
2024-02-25,2023020919,Columbus Blue Jackets,New York Rangers,4,2,0.46170976021330334,0,1,False,28,28,-0.8,-3.5999999999999996,-0.008266668
2024-02-25,2023020918,Buffalo Sabres,Carolina Hurricanes,2,2,0.37724566162113066,0,0,True,29,29,0.0,0.20000000000000007,-0.009000000000000001
2024-02-26,2023020926,Seattle Kraken,Boston Bruins,3,3,0.11640401671880399,0,0,True,27,27,0.0,0.6,-0.005000002
2024-02-26,2023020923,Washington Capitals,Ottawa Senators,6,3,0.5028043854753296,1,1,True,28,28,-0.2,-1.2,-0.0014166679999999998
2024-02-26,2023020924,Dallas Stars,New York Islanders,2,3,0.5539783883953235,1,0,False,28,27,0.8,3.4,-0.005333336
2024-02-26,2023020925,Edmonton Oilers,Los Angeles Kings,4,2,0.699223877099518,1,1,True,30,26,-0.2,-0.8,-0.003433335
2024-02-27,2023020930,Philadelphia Flyers,Tampa Bay Lightning,6,2,0.3648192326838246,0,1,False,31,30,-0.4,-2.0,-0.006200002
2024-02-27,2023020931,Toronto Maple Leafs,Vegas Golden Knights,2,6,0.6821014279370682,1,0,False,28,28,0.4,1.0,-0.005333335500000002
2024-02-27,2023020933,Nashville Predators,Ottawa Senators,4,1,0.525682823930343,1,1,True,29,29,0.19999999999999996,-0.4,-0.002250003
2024-02-27,2023020928,Florida Panthers,Buffalo Sabres,3,2,0.49790581072811535,0,1,False,32,30,0.6,3.4,-0.0008333359999999996
2024-02-27,2023020938,San Jose Sharks,New Jersey Devils,2,7,0.1252030037070933,0,0,True,28,32,-0.19999999999999996,0.0,-0.0074583340000000005
2024-02-27,2023020935,Calgary Flames,Los Angeles Kings,4,2,0.45477246928468273,0,1,False,32,27,0.0,0.4,-0.004433334000000001
2024-02-27,2023020927,Detroit Red Wings,Washington Capitals,8,3,0.4607095330836573,0,1,False,34,29,0.19999999999999996,0.6000000000000001,-0.005166670499999999
2024-02-27,2023020936,Colorado Avalanche,Dallas Stars,5,1,0.6639866450109764,1,1,True,27,29,-0.4,-2.2,-0.005666668
2024-02-27,2023020934,Winnipeg Jets,St. Louis Blues,4,2,0.33326740731877064,0,1,False,29,29,0.0,-0.6000000000000001,-0.007333335999999999
2024-02-27,2023020937,Vancouver Canucks,Pittsburgh Penguins,3,4,0.38920323409237234,0,0,True,33,31,0.4,1.4,-0.007266668000000001
2024-02-27,2023020932,Minnesota Wild,Carolina Hurricanes,2,3,0.33490083459217174,0,0,True,30,30,0.4,0.9999999999999999,-0.005933336000000001
2024-02-28,2023020940,Edmonton Oilers,St. Louis Blues,3,2,0.5993965087623125,1,1,True,31,30,0.0,0.0,-0.003666670499999999
2024-02-28,2023020939,New York Rangers,Columbus Blue Jackets,4,1,0.7873486634362575,1,1,True,29,29,0.6000000000000001,2.4,-0.006366668000000001
2024-02-29,2023020945,Tampa Bay Lightning,Buffalo Sabres,2,3,0.576458283696103,1,0,False,31,31,0.19999999999999996,0.20000000000000007,-0.005533336000000001
2024-02-29,2023020951,Vancouver Canucks,Los Angeles Kings,1,5,0.2768188422356381,0,0,True,34,28,0.6000000000000001,3.2,-0.005433334
2024-02-29,2023020950,Seattle Kraken,Pittsburgh Penguins,2,0,0.2726164030076593,0,1,False,28,32,-0.39999999999999997,-0.6000000000000001,-0.006700000000000001
2024-02-29,2023020943,Detroit Red Wings,New York Islanders,3,5,0.32902980353784866,0,0,True,35,28,0.6000000000000001,3.6,-0.0020000029999999993
2024-02-29,2023020947,Dallas Stars,Winnipeg Jets,4,1,0.5986844430261172,1,1,True,30,30,-0.20000000000000007,0.19999999999999996,-0.0056666680000000014
2024-02-29,2023020944,Florida Panthers,Montréal Canadiens,3,3,0.6210028559904649,1,0,False,33,32,0.6,3.6,-0.0026666679999999996
2024-02-29,2023020941,Boston Bruins,Vegas Golden Knights,5,4,0.591914688524389,1,1,True,28,29,-0.4,-1.7999999999999998,-0.006666668000000002
2024-02-29,2023020952,San Jose Sharks,Anaheim Ducks,4,6,0.2952258648840444,0,0,True,29,30,0.2,0.19999999999999996,-0.006666668000000001
2024-03-07,2023020995,Columbus Blue Jackets,Edmonton Oilers,4,2,0.20847772976314582,0,1,False,31,32,-0.2,-0.3999999999999999,-0.006000002000000001
2024-03-08,2023021008,Seattle Kraken,Winnipeg Jets,0,3,0.4566997807763871,0,0,True,29,31,-0.4,0.0,-0.007100000000000001
2024-03-08,2023021006,Colorado Avalanche,Minnesota Wild,2,1,0.7015260148006703,1,1,True,28,32,-0.19999999999999996,-0.4,-0.0042666679999999995
2024-03-08,2023021007,Anaheim Ducks,Dallas Stars,2,6,0.26719048671922496,0,0,True,31,31,-0.19999999999999996,-1.4,-0.0031999999999999993
2024-03-09,2023021016,Tampa Bay Lightning,Philadelphia Flyers,7,0,0.7861757575700048,1,1,True,32,32,0.19999999999999996,0.0,-0.007000002000000002
2024-03-09,2023021020,Vegas Golden Knights,Detroit Red Wings,5,3,0.5514937061908584,1,1,True,30,37,-0.19999999999999996,-0.6,-0.0032666679999999995
2024-03-09,2023021017,Washington Capitals,Chicago Blackhawks,4,1,0.6006815252147555,1,1,True,30,32,0.2,1.0,-0.0035000020000000003
2024-03-09,2023021019,Vancouver Canucks,Winnipeg Jets,5,0,0.5502131225162767,1,1,True,35,32,-0.20000000000000007,-0.6000000000000001,-0.006833334000000001
2024-03-09,2023021018,New York Rangers,St. Louis Blues,4,0,0.43879438595827247,0,1,False,30,31,0.6000000000000001,3.0,-0.0065000019999999995
2024-03-09,2023021009,Buffalo Sabres,Edmonton Oilers,2,2,0.23148794726545116,0,0,True,32,33,0.0,0.20000000000000007,-0.006000002
2024-03-09,2023021012,Boston Bruins,Pittsburgh Penguins,5,1,0.5609031466179248,1,1,True,29,34,-0.39999999999999997,0.0,-0.005199999999999999
2024-03-09,2023021011,New Jersey Devils,Carolina Hurricanes,2,4,0.3135405182445187,0,0,True,33,32,0.0,-0.5999999999999999,-0.007100000000000001
2024-03-09,2023021021,Los Angeles Kings,Dallas Stars,1,4,0.4126570499432678,0,0,True,29,32,-0.19999999999999996,-0.39999999999999997,-0.004
2024-03-09,2023021013,Florida Panthers,Calgary Flames,5,1,0.7001477575709347,1,1,True,34,34,0.20000000000000007,2.0,-0.004633335999999999
2024-03-09,2023021015,San Jose Sharks,Ottawa Senators,2,1,0.31272612365249863,0,1,False,31,31,0.2,0.0,-8.33365e-05
2024-03-09,2023021010,Columbus Blue Jackets,Nashville Predators,1,2,0.3389989321711138,0,0,True,32,30,-0.19999999999999996,0.0,-0.005333335999999999
2024-03-09,2023021014,Montréal Canadiens,Toronto Maple Leafs,2,3,0.197653223850244,0,0,True,33,31,-0.19999999999999996,1.2,-0.0030555574999999997
2024-03-10,2023021024,Carolina Hurricanes,Calgary Flames,7,2,0.7331537835935619,1,1,True,33,35,0.0,0.8,-0.007000001999999998
2024-03-10,2023021023,Minnesota Wild,Nashville Predators,4,3,0.5332821930009629,1,1,True,33,31,-0.4,-0.6000000000000001,-0.006600002
2024-03-10,2023021026,Anaheim Ducks,New York Islanders,1,6,0.3512784334600958,0,0,True,32,29,0.0,0.4,-0.0010333339999999995
2024-03-10,2023021022,Pittsburgh Penguins,Edmonton Oilers,0,4,0.4487611473204533,0,0,True,35,34,0.0,-1.6,-0.0054333340000000015
2024-03-11,2023021027,Boston Bruins,St. Louis Blues,1,5,0.46659045100782676,0,0,True,30,32,0.2,2.0,-0.0026666679999999996
2024-03-11,2023021029,Winnipeg Jets,Washington Capitals,3,0,0.5154224721971841,1,1,True,33,31,0.19999999999999996,0.19999999999999996,-0.003833337000000001
2024-03-11,2023021030,Los Angeles Kings,New York Islanders,3,0,0.5691896318066478,1,1,True,30,30,-0.39999999999999997,-1.7999999999999998,-0.005333334
2024-03-11,2023021028,New York Rangers,New Jersey Devils,3,1,0.507969996714855,1,1,True,31,34,0.4,1.8,-0.006375001500000001
2024-03-12,2023021034,Ottawa Senators,Pittsburgh Penguins,2,1,0.3161991456873741,0,1,False,32,36,-0.2,1.4,-0.004766668
2024-03-12,2023021036,Dallas Stars,Florida Panthers,3,4,0.43669739293182414,0,0,True,33,35,-0.20000000000000007,-1.6,-0.0033999999999999994
2024-03-12,2023021035,Philadelphia Flyers,San Jose Sharks,3,2,0.4050173234750239,0,1,False,33,32,0.0,1.4000000000000001,-0.005800002
2024-03-12,2023021031,Buffalo Sabres,Detroit Red Wings,7,3,0.2744829451174176,0,1,False,33,38,0.0,0.6000000000000001,-0.0005000019999999994
2024-03-12,2023021038,Chicago Blackhawks,Anaheim Ducks,7,2,0.347996530031588,0,1,False,34,33,0.0,0.40000000000000013,-0.0036000000000000008
2024-03-12,2023021032,Carolina Hurricanes,New York Rangers,0,1,0.7801059787546284,1,0,False,34,32,0.0,0.6000000000000001,-0.007666668
2024-03-12,2023021033,Montréal Canadiens,Columbus Blue Jackets,3,0,0.5471510818330334,1,1,True,34,33,-0.2,-0.19999999999999996,-0.006333334666666669
2024-03-12,2023021039,Calgary Flames,Colorado Avalanche,2,6,0.3852545946974583,0,0,True,36,29,0.0,-1.0,-0.006333334
2024-03-12,2023021040,Seattle Kraken,Vegas Golden Knights,4,5,0.2662423007008418,0,0,True,30,31,0.0,-0.8,-0.005100002000000001
2024-03-13,2023021041,St. Louis Blues,Los Angeles Kings,3,1,0.4354851176885399,0,1,False,33,31,-0.2,-1.6,-0.006933336000000002
2024-03-13,2023021044,Vancouver Canucks,Colorado Avalanche,3,4,0.3925457633117228,0,0,True,36,30,0.0,-0.19999999999999996,-0.004833334
2024-03-13,2023021043,Edmonton Oilers,Washington Capitals,7,2,0.5247391394272573,1,1,True,35,32,0.19999999999999996,1.6,-0.0063333359999999984
2024-03-13,2023021042,Winnipeg Jets,Nashville Predators,2,4,0.4132745916808223,0,0,True,34,32,-0.20000000000000007,-1.4,-0.0055
2024-03-14,2023021050,Philadelphia Flyers,Toronto Maple Leafs,2,6,0.2562170127894596,0,0,True,34,32,-0.19999999999999996,-0.20000000000000007,-0.004975
2024-03-14,2023021056,Seattle Kraken,Washington Capitals,1,2,0.42611989797364286,0,0,True,31,33,-0.2,0.3999999999999999,-0.006933333999999999
2024-03-21,2023021102,New Jersey Devils,Winnipeg Jets,4,1,0.3700156650602944,0,1,False,36,35,0.0,1.2000000000000002,-0.008375
2024-03-21,2023021106,Vancouver Canucks,Montréal Canadiens,4,1,0.5566203620684015,1,1,True,37,35,0.0,-0.6,-0.005433334
2024-03-21,2023021108,San Jose Sharks,Tampa Bay Lightning,1,4,0.36299456134157426,0,0,True,33,33,-0.39999999999999997,-3.8,-0.0029666680000000013
2024-03-21,2023021100,Detroit Red Wings,New York Islanders,6,3,0.43812197324596885,0,1,False,39,31,-0.39999999999999997,-2.0,-0.005500002
2024-03-21,2023021101,Florida Panthers,Nashville Predators,0,3,0.5707893106776117,1,0,False,36,33,0.0,0.0,-0.003966668
2024-03-21,2023021104,Edmonton Oilers,Buffalo Sabres,8,3,0.6438999988354336,1,1,True,36,35,0.0,0.0,-0.004866667999999999
2024-03-22,2023021109,Washington Capitals,Carolina Hurricanes,6,6,0.4331429353804543,0,0,True,34,36,-0.4,-3.8,-0.0075
2024-03-22,2023021111,Colorado Avalanche,Columbus Blue Jackets,6,1,0.8754300704732187,1,1,True,31,34,0.6000000000000001,3.2,-0.0030000020000000007
2024-03-22,2023021110,Dallas Stars,Pittsburgh Penguins,4,2,0.5680175607533927,1,1,True,34,38,0.39999999999999997,3.4,-0.006600000000000002
2024-03-23,2023021114,Philadelphia Flyers,Boston Bruins,3,2,0.11720387929583788,0,1,False,35,32,-0.19999999999999996,-1.7999999999999998,-0.007366668000000001
2024-03-23,2023021119,New York Rangers,Florida Panthers,3,3,0.49682204592548324,0,0,True,35,37,0.20000000000000007,0.7999999999999999,-0.006433334000000001
2024-03-23,2023021118,Toronto Maple Leafs,Edmonton Oilers,6,3,0.6689746613176946,1,1,True,33,37,0.0,-2.4,-0.006999999999999999
2024-03-23,2023021113,New York Islanders,Winnipeg Jets,6,3,0.6648933190363463,1,1,True,32,36,0.19999999999999996,1.2000000000000002,-0.005933333999999999
2024-03-23,2023021120,Vancouver Canucks,Calgary Flames,4,2,0.5635304523178764,1,1,True,38,38,0.0,1.7999999999999998,-0.0073333339999999995
2024-03-23,2023021116,Nashville Predators,Detroit Red Wings,1,0,0.51785113334677,1,1,True,34,40,0.6000000000000001,3.4000000000000004,-0.005500001999999999
2024-03-23,2023021117,New Jersey Devils,Ottawa Senators,2,5,0.42798643244924844,0,0,True,37,34,0.39999999999999997,2.4000000000000004,-0.005208335000000001
2024-03-23,2023021122,San Jose Sharks,Chicago Blackhawks,4,5,0.414897695210197,0,0,True,34,36,-0.2,-1.2,-0.0023
2024-03-23,2023021123,Vegas Golden Knights,Columbus Blue Jackets,4,2,0.7965055262550232,1,1,True,32,35,0.39999999999999997,3.0,-0.006333336000000001
2024-03-23,2023021115,Minnesota Wild,St. Louis Blues,4,5,0.3936682460282657,0,0,True,35,35,-0.19999999999999996,-1.4,-0.005833334
2024-03-23,2023021121,Los Angeles Kings,Tampa Bay Lightning,4,3,0.5055662520204762,1,1,True,32,34,-0.19999999999999996,-1.6,-0.0071666679999999984
2024-03-24,2023021126,New York Islanders,New Jersey Devils,0,4,0.3997930825625435,0,0,True,33,38,0.19999999999999996,0.8,-0.007766668
2024-03-24,2023021133,Seattle Kraken,Montréal Canadiens,1,5,0.49697522943674866,0,0,True,33,36,-0.2,-1.0,-0.008433333999999999
2024-03-24,2023021128,Ottawa Senators,Edmonton Oilers,5,3,0.2799730136064551,0,1,False,35,38,-0.19999999999999996,-1.8000000000000003,-0.005666668
2024-03-24,2023021125,Colorado Avalanche,Pittsburgh Penguins,5,4,0.6460537421799539,1,1,True,32,39,0.8,4.6,-0.0043333339999999995
2024-03-24,2023021127,Carolina Hurricanes,Toronto Maple Leafs,2,1,0.7439530584999966,1,1,True,37,34,-0.20000000000000007,0.0,-0.004875001499999999
2024-03-24,2023021131,Anaheim Ducks,Tampa Bay Lightning,2,3,0.5428835724446772,1,0,False,35,35,-0.2,-3.5999999999999996,-0.007366667999999999
2024-03-24,2023021132,Calgary Flames,Buffalo Sabres,1,4,0.4414884619170283,0,0,True,39,36,-0.39999999999999997,-3.2,-0.007333333999999999
2024-03-24,2023021124,Washington Capitals,Winnipeg Jets,3,0,0.516895511934183,1,1,True,35,37,0.2,1.2,-0.004999999999999999
2024-03-24,2023021129,Philadelphia Flyers,Florida Panthers,1,4,0.2008249488801562,0,0,True,36,38,0.19999999999999996,-1.4,-0.005433336
2024-03-25,2023021134,St. Louis Blues,Vegas Golden Knights,1,2,0.34040952948952335,0,0,True,36,33,0.0,-0.40000000000000013,-0.0076666680000000015
2024-03-25,2023021135,Vancouver Canucks,Los Angeles Kings,2,3,0.4706010564285527,0,0,True,39,33,0.0,0.4,-0.005266669999999999
2024-03-26,2023021137,New York Rangers,Philadelphia Flyers,6,5,0.6219662747347864,1,1,True,36,37,0.19999999999999996,3.0,-0.006033334
2024-03-26,2023021136,Florida Panthers,Boston Bruins,3,4,0.179297507745533,0,0,True,39,33,0.0,0.8,-0.006166668000000002
2024-03-26,2023021147,San Jose Sharks,Dallas Stars,3,6,0.21916607679771885,0,0,True,35,36,-0.6000000000000001,-3.8,-0.0032000000000000006
2024-03-26,2023021141,Nashville Predators,Vegas Golden Knights,5,4,0.3655473974605132,0,1,False,35,34,0.0,0.19999999999999996,-0.0066666680000000015
2024-03-26,2023021143,Chicago Blackhawks,Calgary Flames,3,1,0.22499003553498723,0,1,False,37,40,0.39999999999999997,2.6,-0.006700002
2024-03-26,2023021142,Winnipeg Jets,Edmonton Oilers,3,4,0.30171824425319016,0,0,True,38,39,-0.39999999999999997,-3.4000000000000004,-0.006666668000000001
2024-03-26,2023021140,Washington Capitals,Detroit Red Wings,4,3,0.4858813983177744,0,1,False,36,41,0.2,0.8,-0.005833334000000001
2024-03-26,2023021146,Seattle Kraken,Anaheim Ducks,4,0,0.47339657969984705,0,1,False,34,36,0.0,1.4,-0.006400002000000001
2024-03-26,2023021138,Pittsburgh Penguins,Carolina Hurricanes,4,1,0.515667586233428,1,1,True,40,38,-0.39999999999999997,-2.2,-0.009000000000000001
2024-03-26,2023021144,Colorado Avalanche,Montréal Canadiens,1,2,0.8246827116025991,1,0,False,33,37,0.6,1.7999999999999998,-0.006933333999999999
2024-03-26,2023021139,Toronto Maple Leafs,New Jersey Devils,3,6,0.6496385290872548,1,0,False,35,39,0.0,-0.3999999999999999,-0.008833334
2024-03-27,2023021149,Tampa Bay Lightning,Boston Bruins,3,1,0.32276770137647853,0,1,False,36,34,0.0,1.6,-0.004500004000000003
2024-03-27,2023021148,Buffalo Sabres,Ottawa Senators,2,6,0.3128335799046721,0,0,True,37,36,0.0,0.19999999999999996,-0.004500002000000001
2024-04-04,2023021204,Montréal Canadiens,Tampa Bay Lightning,4,7,0.40907904049057786,0,0,True,38,37,-0.20000000000000007,-1.5999999999999999,-0.008833334
2024-04-04,2023021203,Columbus Blue Jackets,New York Islanders,2,4,0.2315523415680131,0,0,True,37,34,-0.4,-2.6,-0.00825
2024-04-04,2023021202,Carolina Hurricanes,Boston Bruins,1,4,0.30222005179951783,0,0,True,39,35,0.0,0.6,-0.007000002000000002
2024-04-04,2023021210,San Jose Sharks,Los Angeles Kings,1,2,0.23354265546655775,0,0,True,36,35,-0.39999999999999997,-1.4,-0.004200002000000001
2024-04-04,2023021208,Nashville Predators,St. Louis Blues,6,3,0.3699024603729083,0,1,False,36,37,0.0,-0.6000000000000001,-0.006666668000000001
2024-04-04,2023021209,Winnipeg Jets,Calgary Flames,5,2,0.4779322641037426,0,1,False,39,41,-0.2,-0.7999999999999998,-0.007166667999999999
2024-04-04,2023021207,Minnesota Wild,Colorado Avalanche,2,5,0.3485597167284018,0,0,True,36,34,-0.4,-2.6,-0.0085
2024-04-04,2023021206,Washington Capitals,Pittsburgh Penguins,1,4,0.4170758244164628,0,0,True,37,42,0.0,-0.8,-0.006333334000000001
2024-04-04,2023021205,Ottawa Senators,Florida Panthers,0,6,0.2760501475397034,0,0,True,37,40,0.4,2.0,-0.005866668
2024-04-05,2023021213,Detroit Red Wings,New York Rangers,3,4,0.44863965031563663,0,0,True,42,37,-0.39999999999999997,-1.4,-0.006166668000000001
2024-04-05,2023021214,Edmonton Oilers,Colorado Avalanche,6,2,0.6313713505773045,1,1,True,40,35,-0.20000000000000007,-0.6000000000000001,-0.0042416680000000005
2024-04-05,2023021211,Buffalo Sabres,Philadelphia Flyers,4,2,0.5179769408552922,1,1,True,38,38,0.19999999999999996,1.6,-0.0056999999999999985
2024-04-05,2023021212,Carolina Hurricanes,Washington Capitals,4,2,0.6523733357781932,1,1,True,40,38,-0.19999999999999996,-1.2000000000000002,-0.005000002
2024-04-05,2023021215,Anaheim Ducks,Seattle Kraken,1,3,0.2940496431915509,0,0,True,37,36,-0.2,-2.4,-0.008833334
2024-04-06,2023021222,Columbus Blue Jackets,Philadelphia Flyers,6,2,0.4199299681938672,0,1,False,38,39,-0.2,-1.4000000000000001,-0.0025000000000000005
2024-04-06,2023021223,Montréal Canadiens,Toronto Maple Leafs,2,4,0.27196674257905196,0,0,True,39,36,0.0,-0.4,-0.006700002
2024-04-06,2023021224,Ottawa Senators,New Jersey Devils,3,4,0.39356458733463046,0,0,True,38,40,-0.20000000000000007,-1.6,-0.0085
2024-04-06,2023021220,Chicago Blackhawks,Dallas Stars,3,2,0.16036271385023484,0,1,False,38,37,0.0,-0.40000000000000013,-0.004700001999999998
2024-04-06,2023021225,New York Islanders,Nashville Predators,2,0,0.5609778279125233,1,1,True,35,37,-0.6,-3.0,-0.007833336
2024-04-06,2023021221,San Jose Sharks,St. Louis Blues,3,2,0.16197003904699656,0,1,False,37,38,-0.6,-2.2,-0.005533336000000001
2024-04-06,2023021219,Minnesota Wild,Winnipeg Jets,2,4,0.5781062595202552,1,0,False,37,40,0.2,1.2,-0.0043333339999999995
2024-04-06,2023021217,Pittsburgh Penguins,Tampa Bay Lightning,5,4,0.476756874474076,0,1,False,43,38,-0.20000000000000007,-0.8,-0.0092
2024-04-06,2023021218,Boston Bruins,Florida Panthers,3,2,0.44422376486047377,0,1,False,36,41,0.19999999999999996,-0.6,-0.007266668
2024-04-06,2023021226,Calgary Flames,Edmonton Oilers,2,4,0.2973923399880389,0,0,True,42,41,-0.39999999999999997,-2.4,-0.005833333999999999
2024-04-06,2023021227,Los Angeles Kings,Vancouver Canucks,6,3,0.41190088385915397,0,1,False,36,41,0.0,-1.2000000000000002,-0.008333334000000001
2024-04-07,2023021235,Anaheim Ducks,St. Louis Blues,5,5,0.30408843036259126,0,0,True,38,39,-0.4,-2.5999999999999996,-0.0072000020000000005
2024-04-07,2023021234,New York Rangers,Montréal Canadiens,5,2,0.6784224168276525,1,1,True,38,40,0.19999999999999996,1.0,-0.005866668000000002
2024-04-07,2023021228,Detroit Red Wings,Buffalo Sabres,3,1,0.57668952720757,1,1,True,43,39,-0.39999999999999997,-0.8,-0.005833334
2024-04-07,2023021233,New Jersey Devils,Nashville Predators,2,2,0.31286223847891464,0,0,True,41,38,0.0,0.40000000000000013,-0.0076666680000000015
2024-04-07,2023021232,Washington Capitals,Ottawa Senators,2,3,0.497290642171116,0,0,True,39,39,-0.19999999999999996,-0.6000000000000001,-0.0055000019999999995
2024-04-07,2023021236,Colorado Avalanche,Dallas Stars,4,7,0.49486548251488127,0,0,True,36,38,0.0,-0.19999999999999996,-0.005166668
2024-04-07,2023021229,Chicago Blackhawks,Minnesota Wild,0,4,0.18196258795759196,0,0,True,39,38,0.4,1.4,-0.004666668
2024-04-07,2023021230,Carolina Hurricanes,Columbus Blue Jackets,3,0,0.9152957356113668,1,1,True,41,39,0.2,1.2000000000000002,-0.003333336000000001
2024-04-08,2023021238,Vancouver Canucks,Vegas Golden Knights,4,3,0.33996607860939704,0,1,False,42,36,0.0,0.4,-0.0076666680000000015
2024-04-08,2023021237,Toronto Maple Leafs,Pittsburgh Penguins,3,2,0.7319770769287153,1,1,True,37,44,-0.20000000000000007,-0.3999999999999999,-0.007833334
2024-04-09,2023021243,New Jersey Devils,Toronto Maple Leafs,2,5,0.31273588846538325,0,0,True,42,38,0.0,0.6,-0.006033334
2024-04-09,2023021245,Tampa Bay Lightning,Columbus Blue Jackets,5,2,0.747502603868089,1,1,True,39,40,0.39999999999999997,2.2,-0.0037000020000000004
2024-04-09,2023021249,Anaheim Ducks,Los Angeles Kings,3,1,0.2490718735908872,0,1,False,39,37,-0.8,-2.4,-0.006666668000000001
2024-04-09,2023021247,Nashville Predators,Winnipeg Jets,3,4,0.41101861219115604,0,0,True,39,41,0.19999999999999996,1.0,-0.004500002000000001
2024-04-09,2023021240,Detroit Red Wings,Washington Capitals,1,2,0.3185601298242371,0,0,True,44,40,0.0,0.8,-0.005333334
2024-04-09,2023021244,New York Islanders,New York Rangers,4,2,0.47078271969824476,0,1,False,36,39,-0.20000000000000007,-1.6,-0.007500001999999999
2024-04-09,2023021248,Colorado Avalanche,Minnesota Wild,5,2,0.5351122877582951,1,1,True,37,39,0.0,-1.0,-0.006750000000000001
2024-04-09,2023021239,Boston Bruins,Carolina Hurricanes,1,4,0.4230516215866509,0,0,True,37,42,0.0,0.4,-0.0091
2024-04-09,2023021251,San Jose Sharks,Calgary Flames,2,3,0.31998587882792984,0,0,True,39,43,0.2,1.0,-0.0038666699999999996
2024-04-09,2023021242,Montréal Canadiens,Philadelphia Flyers,9,3,0.3265163814402916,0,1,False,41,40,0.2,1.2000000000000002,-0.0034166674999999997
2024-04-16,2023021295,Boston Bruins,Ottawa Senators,1,3,0.59191446772314,1,0,False,38,40,0.0,0.0,-0.006766668
2024-04-17,2023021304,Tampa Bay Lightning,Toronto Maple Leafs,6,4,0.5209575941107042,1,1,True,40,40,0.20000000000000007,1.6,-0.0042
2024-04-17,2023021303,New York Islanders,Pittsburgh Penguins,5,4,0.5488341388956298,1,1,True,37,45,0.0,-0.3999999999999999,-0.006833334000000002
2024-04-17,2023021305,Dallas Stars,St. Louis Blues,1,1,0.44653363489126036,0,0,True,40,40,0.6000000000000001,2.4000000000000004,-0.004366668000000001
2024-04-18,2023021310,Colorado Avalanche,Edmonton Oilers,5,1,0.46127540964240626,0,1,False,38,43,-0.19999999999999996,-0.8,-0.0043333339999999995
2024-04-18,2023021307,Minnesota Wild,Seattle Kraken,3,4,0.5129161790391739,1,0,False,40,38,-0.39999999999999997,-1.8,-0.006533334
2024-04-18,2023021309,Calgary Flames,San Jose Sharks,5,1,0.7107893930050694,1,1,True,44,40,0.0,-0.40000000000000013,-0.003166671999999999
2024-04-18,2023021311,Vegas Golden Knights,Anaheim Ducks,1,4,0.6332153620271256,1,0,False,37,40,0.2,0.6,-0.005466668000000001
2024-04-18,2023021312,Los Angeles Kings,Chicago Blackhawks,5,4,0.6915650825743767,1,1,True,38,40,0.0,0.8,-0.0066
2024-04-18,2023021308,Winnipeg Jets,Vancouver Canucks,4,2,0.3927351328089316,0,1,False,42,44,0.0,0.2,-0.005666668000000001
2024-04-20,2023030141,Carolina Hurricanes,New York Islanders,3,1,0.7314140034356567,1,1,True,43,38,-0.20000000000000007,-0.19999999999999996,-0.002000001999999999
2024-04-20,2023030121,Boston Bruins,Toronto Maple Leafs,5,1,0.5233275801089661,1,1,True,39,41,-0.19999999999999996,-0.8,-0.0051
2024-04-21,2023030161,Winnipeg Jets,Colorado Avalanche,7,6,0.3063540657425249,0,1,False,43,39,0.20000000000000007,0.7999999999999999,-0.004033334
2024-04-21,2023030111,Florida Panthers,Tampa Bay Lightning,3,2,0.5598361291356273,1,1,True,43,41,-0.20000000000000007,0.0,-0.006600000000000002
2024-04-21,2023030131,New York Rangers,Washington Capitals,4,1,0.5799164156402417,1,1,True,40,41,0.19999999999999996,1.4,-0.0020000040000000005
2024-04-21,2023030171,Vancouver Canucks,Nashville Predators,4,2,0.3306540219640065,0,1,False,45,40,0.19999999999999996,-0.2,-0.006333338000000001
2024-04-22,2023030181,Edmonton Oilers,Los Angeles Kings,7,4,0.6480337854569943,1,1,True,44,39,0.0,0.0,-0.004833333999999999
2024-04-22,2023030151,Dallas Stars,Vegas Golden Knights,3,4,0.5249673050001096,1,0,False,41,38,0.39999999999999997,2.5999999999999996,-0.0031666680000000005
2024-04-22,2023030142,Carolina Hurricanes,New York Islanders,5,3,0.7036576173113298,1,1,True,44,39,0.0,0.3999999999999999,-0.0011666699999999994
2024-04-22,2023030122,Boston Bruins,Toronto Maple Leafs,2,3,0.48507294788803873,0,0,True,40,42,0.19999999999999996,1.6,-0.0055
2024-04-23,2023030132,New York Rangers,Washington Capitals,4,3,0.5994088580454793,1,1,True,41,42,0.6000000000000001,2.8,-0.003666670000000001
2024-04-23,2023030112,Florida Panthers,Tampa Bay Lightning,3,2,0.6756778774048905,1,1,True,44,42,0.0,0.19999999999999996,-0.006266668000000001
2024-04-23,2023030172,Vancouver Canucks,Nashville Predators,1,4,0.33498032603296557,0,0,True,46,41,0.39999999999999997,0.6000000000000001,-0.007000004
2024-04-23,2023030162,Winnipeg Jets,Colorado Avalanche,2,5,0.25370125033751834,0,0,True,44,40,0.6,2.0,-0.0025333339999999995
2024-04-24,2023030152,Dallas Stars,Vegas Golden Knights,1,3,0.5824334313463447,1,0,False,42,39,0.2,1.7999999999999998,-0.0036666680000000005
2024-04-24,2023030182,Edmonton Oilers,Los Angeles Kings,4,5,0.6006792214063804,1,0,False,45,40,0.0,0.4,-0.0033333340000000003
2024-04-24,2023030123,Toronto Maple Leafs,Boston Bruins,2,4,0.4050577984425755,0,0,True,43,41,0.0,-0.8,-0.008266668
2024-04-25,2023030113,Tampa Bay Lightning,Florida Panthers,3,5,0.375998683197795,0,0,True,43,45,-0.4,-1.4,-0.004433336000000001
2024-04-25,2023030143,New York Islanders,Carolina Hurricanes,2,3,0.29987324559772255,0,0,True,40,45,-0.4,-2.1999999999999997,-0.0046666680000000006
2024-04-26,2023030173,Nashville Predators,Vancouver Canucks,1,2,0.22648792186513395,0,0,True,42,47,-0.39999999999999997,-0.6000000000000001,-0.007500000000000001
2024-04-26,2023030133,Washington Capitals,New York Rangers,1,3,0.27208750185217123,0,0,True,43,42,-0.6000000000000001,-2.4,-0.007733334
2024-04-26,2023030163,Colorado Avalanche,Winnipeg Jets,6,2,0.5818372632795771,1,1,True,41,45,-0.20000000000000007,0.6,-0.002833334
2024-04-26,2023030183,Los Angeles Kings,Edmonton Oilers,1,6,0.24573462546399621,0,0,True,41,46,0.19999999999999996,0.6,-0.005833333999999999
2024-04-27,2023030144,New York Islanders,Carolina Hurricanes,3,2,0.49578590276050893,0,1,False,41,46,-0.6,-2.6,-0.0046666680000000006
2024-04-27,2023030124,Toronto Maple Leafs,Boston Bruins,1,3,0.42962163937686715,0,0,True,44,42,-0.2,-2.0,-0.008266668
2024-04-27,2023030153,Vegas Golden Knights,Dallas Stars,2,3,0.27218421900190815,0,0,True,40,43,0.0,-1.0,-0.003333333999999999
2024-04-27,2023030114,Tampa Bay Lightning,Florida Panthers,6,3,0.38076925381674576,0,1,False,44,46,-0.4,-0.8,-0.005433336
2024-04-28,2023030174,Nashville Predators,Vancouver Canucks,3,4,0.49319680645225256,0,0,True,43,48,-0.39999999999999997,-0.4,-0.0085
2024-04-28,2023030134,Washington Capitals,New York Rangers,2,4,0.42707929490431384,0,0,True,44,43,-0.6000000000000001,-2.5999999999999996,-0.0084
2024-04-28,2023030164,Colorado Avalanche,Winnipeg Jets,5,1,0.6554831781164661,1,1,True,42,46,0.20000000000000007,3.2,-0.0030000019999999994
2024-04-28,2023030184,Los Angeles Kings,Edmonton Oilers,0,1,0.3640336981563225,0,0,True,42,47,0.0,-1.6,-0.007500000000000001
2024-04-29,2023030115,Florida Panthers,Tampa Bay Lightning,6,1,0.6880837376381328,1,1,True,47,45,0.4,0.39999999999999997,-0.0040833350000000004
2024-04-29,2023030154,Vegas Golden Knights,Dallas Stars,2,4,0.3789277960037065,0,0,True,41,44,0.0,-0.2,-0.0043333339999999995
2024-04-30,2023030175,Vancouver Canucks,Nashville Predators,1,2,0.3160656316375503,0,0,True,49,44,0.39999999999999997,0.2,-0.006000004000000001
2024-04-30,2023030165,Winnipeg Jets,Colorado Avalanche,3,6,0.3966765481875883,0,0,True,47,43,-0.4,-4.4,-0.004999999999999999
2024-04-30,2023030145,Carolina Hurricanes,New York Islanders,6,3,0.6495113402082433,1,1,True,47,42,0.4,2.0,-0.0038666679999999998
2024-04-30,2023030125,Boston Bruins,Toronto Maple Leafs,1,2,0.3430104885716829,0,0,True,43,45,0.39999999999999997,2.8,-0.0009000039999999985
